Sample,SNP1,SNP2,SNP3,SNP4,SNP5,SNP6,SNP7,SNP8,SNP9,SNP10,SNP11,SNP12,SNP13,SNP14,SNP15,SNP16,SNP17,SNP18,SNP19,SNP20,SNP21,SNP22,SNP23,SNP24,SNP25,SNP26,SNP27,SNP28,SNP29,SNP30,SNP31,SNP32,SNP33,SNP34,SNP35,SNP36,SNP37,SNP38,SNP39,SNP40,SNP41,SNP42,SNP43,SNP44,SNP45,SNP46,SNP47,SNP48,SNP49,SNP50,SNP51,SNP52,SNP53,SNP54,SNP55,SNP56,SNP57,SNP58,SNP59,SNP60,SNP61,SNP62,SNP63,SNP64,SNP65,SNP66,SNP67,SNP68,SNP69,SNP70,SNP71,SNP72,SNP73,SNP74,SNP75,SNP76,SNP77,SNP78,SNP79,SNP80,SNP81,SNP82,SNP83,SNP84,SNP85,SNP86,SNP87,SNP88,SNP89,SNP90,SNP91,SNP92,SNP93,SNP94,SNP95,SNP96,SNP97,SNP98,SNP99,SNP100,SNP101,SNP102,SNP103,SNP104,SNP105,SNP106,SNP107,SNP108,SNP109,SNP110,SNP111,SNP112,SNP113,SNP114,SNP115,SNP116,SNP117,SNP118,SNP119,SNP120,SNP121,SNP122,SNP123,SNP124,SNP125,SNP126,SNP127,SNP128,SNP129,SNP130,SNP131,SNP132,SNP133,SNP134,SNP135,SNP136,SNP137,SNP138,SNP139,SNP140,SNP141,SNP142,SNP143,SNP144,SNP145,SNP146,SNP147,SNP148,SNP149,SNP150
F1,A/A,G/G,T/T,G/T,A/A,T/A,G/T,T/C,G/A,A/A,C/C,T/T,C/C,C/C,G/G,C/C,C/C,A/A,A/A,A/G,T/T,C/T,T/T,G/G,C/T,A/A,G/G,G/G,NA,T/T,T/C,T/C,T/T,G/G,T/C,G/A,A/C,G/G,A/A,C/T,C/T,C/C,NA,C/C,C/C,T/T,A/A,A/G,A/A,T/T,G/A,C/C,T/T,A/A,A/A,NA,T/T,A/A,G/G,C/T,G/A,T/T,A/A,G/G,C/T,A/G,C/C,T/C,NA,G/A,G/A,A/A,A/C,G/G,C/T,C/C,NA,G/A,C/G,G/G,A/A,C/C,A/G,NA,G/G,T/T,A/A,C/C,A/G,A/A,T/C,G/A,NA,T/C,C/T,C/T,G/A,C/T,G/G,A/G,A/G,C/A,NA,T/C,C/T,G/G,T/C,G/C,C/T,A/A,G/G,G/A,A/G,G/G,T/A,G/T,T/C,G/A,G/G,T/C,C/C,A/A,C/A,T/T,C/C,G/T,A/A,G/A,G/G,T/C,C/G,G/G,C/A,T/A,A/T,T/C,G/A,T/G,G/G,G/A,T/C,G/G,T/T,G/G,G/A,T/T,A/G,T/G,A/G,A/G
F2,T/T,G/G,G/G,G/G,A/A,A/A,G/G,T/C,G/A,C/C,T/T,T/T,T/T,T/T,G/G,C/C,C/A,A/A,G/G,A/G,T/C,C/T,C/C,T/T,C/T,G/G,T/T,A/A,T/T,T/T,T/C,T/T,C/C,A/A,T/C,G/A,C/C,A/A,G/G,C/T,C/T,C/C,A/C,C/C,T/T,G/G,A/A,A/G,C/C,T/T,G/A,T/T,T/T,A/A,C/C,C/C,C/C,G/G,T/T,C/T,A/A,C/T,A/A,A/G,C/T,G/G,C/T,T/C,T/T,G/A,G/A,A/A,A/A,C/C,C/T,T/T,C/T,G/A,C/G,A/A,G/G,A/A,A/A,T/T,A/G,C/C,G/G,C/T,A/G,G/G,C/C,G/G,C/A,T/T,C/T,T/T,G/A,C/C,G/T,A/G,A/G,C/A,T/T,T/T,C/T,G/G,C/C,G/G,C/T,A/A,G/G,G/A,A/A,A/A,T/T,T/T,T/C,G/A,T/T,T/C,C/C,G/G,C/A,C/C,C/T,G/T,G/G,G/A,G/G,T/C,C/G,G/A,C/A,A/A,A/T,T/C,A/A,T/T,A/A,G/A,T/T,G/G,T/T,G/G,G/A,T/T,A/G,T/G,G/G,A/G
F3,A/A,A/G,G/G,G/G,A/G,T/T,G/T,T/T,G/A,A/A,T/T,T/T,C/T,T/T,G/G,C/A,C/A,G/A,G/G,A/G,T/C,C/T,C/T,G/T,C/T,G/A,G/G,G/G,T/T,T/T,T/C,T/C,T/T,G/G,T/C,G/A,A/C,A/A,G/G,C/C,C/T,T/T,A/C,C/A,C/C,G/G,A/A,A/G,C/A,T/C,G/G,C/T,C/T,A/C,A/A,G/G,T/T,A/A,G/G,C/T,G/A,T/T,C/C,A/G,C/T,A/A,C/T,T/C,C/T,G/A,G/A,A/A,C/C,G/G,C/T,C/C,C/C,A/A,C/G,A/A,G/G,C/A,A/G,G/G,G/G,C/T,A/A,C/C,G/G,A/A,T/C,G/A,C/A,T/C,C/T,C/T,G/G,C/C,G/G,A/G,A/G,C/A,C/C,T/C,C/T,A/A,C/C,G/C,C/C,A/A,G/G,A/A,A/G,A/A,T/T,G/G,T/T,G/G,G/T,T/C,T/T,NA,C/C,T/T,C/C,T/T,A/A,G/G,A/A,T/C,C/G,G/A,C/A,T/A,A/T,T/C,A/A,T/G,G/G,G/A,T/C,G/G,T/T,A/A,G/G,C/T,A/G,T/G,G/G,A/G
F4,T/T,G/G,G/G,G/G,A/A,A/A,G/G,T/C,G/A,C/C,T/T,T/T,T/T,T/T,NA,NA,C/A,NA,G/G,A/G,T/C,C/T,C/C,T/T,C/T,NA,NA,NA,T/T,NA,T/C,T/T,C/C,A/A,T/C,G/A,NA,NA,G/G,C/T,C/T,C/C,A/C,C/C,T/T,G/G,A/A,A/G,C/C,T/T,G/A,C/C,T/T,A/A,C/C,C/C,NA,G/G,T/T,C/T,G/A,C/C,A/A,G/G,C/T,G/G,T/T,T/T,T/T,G/A,G/A,A/A,A/A,C/C,C/T,NA,T/T,G/A,C/G,A/A,G/G,NA,A/G,T/T,A/G,C/C,G/G,C/T,A/G,NA,C/C,G/G,C/A,T/T,C/T,T/T,G/A,C/C,G/T,A/G,A/G,C/A,T/T,NA,T/T,G/G,C/C,G/G,T/T,NA,G/G,G/A,A/A,A/A,T/T,T/T,T/C,G/A,T/T,T/C,C/C,G/G,C/C,NA,T/T,G/G,G/G,G/A,G/G,T/C,C/G,G/A,NA,A/A,T/T,T/C,A/A,T/T,A/A,G/A,T/T,G/G,T/T,G/G,A/A,C/T,A/G,T/G,G/G,A/G
F5,T/T,A/A,G/G,G/T,A/G,T/T,G/T,T/C,A/A,C/A,C/C,T/T,C/C,C/C,G/A,C/C,C/A,A/A,A/A,A/A,T/T,C/T,T/T,G/G,T/T,G/G,G/G,A/A,C/C,C/C,T/C,T/C,C/C,G/G,T/C,G/A,A/A,A/A,A/A,C/C,C/T,C/T,A/C,A/A,C/T,T/T,G/G,A/G,C/A,T/T,G/G,T/T,C/T,A/C,A/A,G/C,C/T,G/G,G/T,T/T,G/A,C/C,A/C,A/G,C/T,A/G,C/T,T/C,T/T,G/A,G/A,T/A,A/C,G/C,C/T,C/T,T/T,G/A,C/G,A/A,A/A,C/C,A/G,G/T,A/G,T/T,A/A,T/T,A/G,A/A,T/C,G/G,C/A,T/C,C/T,C/T,G/A,T/T,G/G,A/G,A/G,C/A,T/T,T/T,C/T,A/A,T/C,C/C,C/T,A/G,G/T,G/A,A/G,A/G,T/A,G/T,T/C,G/A,T/T,T/C,T/C,A/A,C/A,C/C,C/C,G/G,G/G,G/A,G/G,T/C,C/G,A/A,C/A,T/A,A/A,T/C,G/G,T/T,A/A,G/A,T/C,A/G,T/T,G/A,G/A,C/T,A/G,T/G,A/G,A/G
F6,T/T,A/G,G/T,T/T,A/A,A/A,G/G,T/C,G/G,C/C,C/C,T/A,T/T,C/C,G/G,A/A,C/A,G/G,A/A,A/G,T/C,C/T,T/T,T/T,C/T,A/A,T/T,A/A,C/C,C/T,T/C,T/C,C/T,G/G,T/C,G/A,A/A,A/G,A/G,C/C,C/T,C/T,A/C,C/A,C/C,G/G,G/G,A/G,A/A,C/C,G/A,C/C,T/T,A/C,A/A,C/C,C/T,G/A,T/T,C/T,G/A,NA,C/C,A/G,C/T,A/A,C/T,T/C,C/T,G/A,G/A,T/A,A/C,G/C,C/T,C/T,T/T,G/A,C/G,G/G,A/A,C/C,A/G,G/G,A/G,T/T,G/G,T/T,A/G,G/A,T/C,A/A,C/A,T/T,C/T,C/T,G/A,C/T,T/T,A/G,A/G,C/A,C/C,C/C,C/T,G/G,T/T,G/C,C/T,A/G,G/T,G/A,A/G,A/G,T/A,G/T,T/C,G/A,G/T,T/C,T/C,G/G,C/A,T/T,C/T,G/T,A/G,G/A,G/A,T/C,C/G,G/A,C/A,T/T,A/T,T/C,G/G,G/G,A/A,G/A,T/C,A/G,G/G,G/A,G/G,C/C,A/G,T/T,A/A,A/G
F7,A/T,A/G,G/T,G/T,A/G,T/A,T/T,T/C,G/A,C/C,C/C,A/A,C/C,T/T,A/A,A/A,C/A,A/A,A/A,A/A,T/C,C/T,C/C,G/G,C/T,A/A,G/G,G/G,C/C,C/C,T/C,C/C,C/T,G/A,T/C,G/A,A/A,A/A,A/A,C/T,C/T,T/T,C/C,A/A,T/T,T/T,G/G,A/G,A/A,T/T,A/A,C/C,C/C,A/A,C/C,G/G,C/C,A/A,G/G,C/T,G/A,T/T,A/A,A/G,C/T,A/G,C/T,T/C,T/T,G/A,G/A,T/T,A/A,C/C,C/T,C/C,T/T,G/A,C/G,G/G,A/A,A/A,A/G,G/G,A/A,T/T,G/A,C/C,A/G,G/A,T/C,A/A,A/A,C/C,T/T,C/T,A/A,T/T,T/T,A/G,A/G,C/A,T/T,T/T,C/T,A/A,T/T,G/G,C/T,A/A,T/T,G/A,A/G,A/A,A/A,G/G,T/C,G/A,G/G,T/C,C/C,A/A,A/A,T/T,T/T,G/T,G/G,G/A,A/A,T/C,C/G,G/A,A/A,A/A,A/T,T/C,G/A,G/G,G/A,G/A,T/C,A/A,NA,G/G,G/G,T/T,A/G,T/G,A/A,A/G
F8,T/T,A/A,T/T,G/G,G/G,A/A,G/G,T/C,G/A,C/A,C/T,A/A,C/T,T/T,A/A,A/A,C/A,G/A,G/A,A/A,T/C,C/T,T/T,G/T,C/C,G/A,T/G,G/G,C/C,C/C,T/C,T/C,T/T,G/G,T/C,G/A,C/C,G/G,A/G,T/T,C/T,C/C,A/C,C/A,C/C,G/G,G/G,A/G,C/A,C/C,A/A,C/C,C/T,C/C,C/A,G/C,C/T,G/A,G/T,C/T,G/A,C/T,A/A,A/G,C/T,A/G,C/T,T/C,T/T,G/A,G/A,T/A,A/C,G/C,C/T,T/T,C/T,G/A,C/G,G/G,G/G,A/A,A/G,G/G,G/G,C/T,G/A,T/T,A/G,G/G,T/C,G/A,C/A,T/C,C/T,C/C,G/A,C/C,T/T,A/G,A/G,C/A,T/T,T/C,C/T,A/A,C/C,C/C,C/T,A/A,T/T,G/A,A/G,A/A,A/A,G/T,C/C,G/A,T/T,T/C,T/C,G/A,C/A,C/T,C/T,G/T,A/A,G/A,G/A,T/C,C/G,G/A,C/A,T/A,A/T,T/C,G/A,T/G,G/A,G/A,T/C,A/G,G/G,A/A,G/G,C/T,A/G,T/G,G/G,A/G
F9,A/T,G/G,G/G,T/T,G/G,A/A,G/G,T/C,A/A,C/C,C/T,T/A,C/C,C/C,G/A,A/A,C/C,G/G,A/A,A/G,T/C,T/T,C/C,G/T,C/T,G/A,T/G,G/A,T/C,T/T,T/T,T/C,C/C,G/G,T/C,G/G,A/A,A/A,A/G,T/T,C/T,C/T,A/C,A/A,C/T,G/T,G/A,A/G,C/C,T/C,G/A,T/T,C/C,C/C,C/C,G/G,C/T,G/G,T/T,C/T,G/A,C/C,A/C,A/G,C/C,G/G,C/T,T/C,C/C,G/A,G/A,T/T,C/C,G/G,C/T,T/T,C/C,G/G,C/G,G/G,G/G,C/A,A/G,G/G,A/G,C/C,G/G,C/C,A/G,G/G,T/C,G/G,C/A,T/C,C/T,C/C,G/A,C/T,G/G,A/G,A/A,C/A,C/T,T/C,T/T,A/G,T/T,C/C,C/T,A/A,T/T,G/A,A/G,A/A,A/A,G/G,T/C,G/A,T/T,T/C,C/C,G/G,C/C,C/C,C/C,G/T,G/G,G/G,G/G,T/C,C/G,G/A,C/A,T/T,A/T,T/T,A/A,G/G,G/G,G/A,T/C,G/G,G/T,A/A,G/A,T/T,A/G,T/G,A/G,A/G
F23,NA,G/G,T/T,G/G,G/G,NA,NA,C/C,NA,A/A,T/T,T/T,T/T,C/C,A/A,A/A,C/A,A/A,A/A,G/G,T/C,C/T,C/C,NA,T/T,G/A,G/G,G/G,T/C,T/T,T/C,T/C,T/T,NA,T/T,G/A,A/A,G/G,G/G,C/C,C/T,T/T,A/C,C/A,T/T,G/G,G/G,A/A,C/A,T/T,NA,T/T,C/C,C/C,A/A,C/C,C/C,A/A,NA,C/C,G/G,C/T,C/C,G/G,T/T,G/G,C/C,T/C,C/C,G/A,G/A,NA,NA,G/G,C/T,C/C,T/T,G/G,C/G,NA,G/G,A/A,NA,G/G,A/A,C/C,NA,T/T,A/G,G/G,NA,NA,C/A,T/C,C/T,C/T,G/A,C/T,G/G,A/A,G/G,C/A,C/C,T/C,C/C,NA,C/C,G/C,C/T,G/G,T/T,NA,A/G,G/G,A/A,G/T,T/C,NA,T/T,T/C,NA,G/A,NA,C/C,NA,NA,G/G,G/A,NA,NA,C/C,G/A,C/C,T/T,T/T,C/C,G/A,T/G,NA,G/G,C/C,A/G,G/T,G/G,A/A,C/T,A/G,G/G,G/G,A/G
F22,A/A,A/A,NA,NA,G/G,T/A,T/T,T/T,G/A,NA,T/T,T/A,C/C,NA,A/A,C/C,C/A,G/G,G/G,NA,T/C,C/T,C/C,G/G,C/T,G/A,T/T,A/A,T/T,C/C,T/C,T/C,NA,A/A,T/C,NA,C/C,G/G,G/G,C/C,C/T,C/T,A/C,C/C,NA,G/G,NA,NA,NA,NA,G/A,C/C,C/T,C/C,A/A,C/C,C/C,NA,T/T,C/C,G/A,C/T,C/C,A/A,NA,G/G,NA,T/C,C/C,NA,G/A,T/T,A/C,G/G,C/T,C/C,T/T,NA,NA,A/A,NA,C/A,G/G,G/T,NA,C/C,G/G,T/T,A/G,A/A,T/C,G/G,C/A,T/C,C/T,C/T,NA,NA,T/T,NA,G/G,C/A,T/T,T/T,NA,A/A,NA,C/C,NA,G/G,NA,G/A,A/G,NA,T/T,NA,T/C,G/A,G/T,NA,T/T,G/G,C/A,C/T,T/T,G/T,NA,A/A,G/G,T/T,C/G,G/A,C/A,T/A,A/A,NA,NA,T/G,A/A,G/A,T/C,A/A,T/T,A/A,G/A,T/T,A/G,T/G,NA,A/A
F18,A/A,G/G,T/T,G/G,G/G,T/T,T/T,T/C,G/A,A/A,C/C,A/A,C/C,C/C,A/A,A/A,C/A,G/G,G/G,G/G,T/C,C/T,C/T,T/T,C/T,G/G,T/G,G/A,T/C,C/T,C/C,T/C,T/T,A/A,T/C,G/A,C/C,G/G,A/G,T/T,C/T,C/C,A/C,A/A,C/C,T/T,G/G,A/G,C/A,C/C,G/A,T/T,T/T,A/A,C/A,G/G,C/T,A/A,G/G,C/T,G/A,C/C,C/C,A/G,C/T,A/G,T/T,T/C,C/C,G/G,NA,A/A,A/A,C/C,C/T,T/T,C/C,G/A,C/G,G/G,G/G,A/A,A/A,T/T,A/A,C/T,G/A,C/C,A/G,A/A,T/C,G/A,C/A,T/C,C/T,C/T,G/A,T/T,NA,A/G,A/A,C/A,C/C,T/C,C/C,G/G,C/C,C/C,C/T,G/G,G/G,G/A,G/G,G/G,T/T,T/T,T/T,A/A,G/G,T/C,T/C,A/A,A/A,C/C,C/C,G/T,G/G,G/G,A/A,T/C,C/G,G/G,C/A,T/T,A/T,T/C,G/A,T/G,A/A,G/A,T/C,A/G,G/G,A/A,G/A,C/T,A/G,G/G,A/A,A/G
F20,A/T,NA,T/T,T/T,A/A,T/T,G/T,T/C,G/G,A/A,C/C,T/T,C/T,T/T,G/G,C/C,C/A,G/G,G/G,A/G,T/C,C/T,T/T,G/T,C/T,A/A,T/T,A/A,T/T,C/C,T/C,C/C,T/T,A/A,T/C,G/A,C/C,G/G,A/A,C/C,C/T,C/C,A/C,A/A,T/T,T/T,A/A,G/G,A/A,C/C,G/A,T/T,T/T,A/A,C/C,G/G,C/C,G/G,G/G,C/T,NA,T/T,A/A,A/G,C/C,A/A,C/T,C/C,C/C,G/A,G/A,A/A,A/A,NA,NA,C/C,C/C,G/A,C/G,A/A,G/G,C/A,A/A,G/T,A/A,T/T,G/A,C/T,A/A,G/G,T/C,G/A,C/A,T/C,T/T,T/T,G/A,C/C,T/T,A/G,A/G,C/A,T/T,T/T,C/T,G/G,T/T,G/C,C/T,G/G,G/G,G/A,A/G,G/G,T/T,T/T,T/C,G/A,G/G,T/T,T/T,G/G,C/C,C/C,T/T,G/T,A/A,G/G,A/A,T/C,C/G,A/A,C/A,A/A,A/T,T/T,G/G,T/T,G/G,G/A,T/C,A/A,G/G,G/G,G/A,C/T,A/G,T/T,A/A,A/G
F12,A/T,A/A,G/G,T/T,A/G,T/T,T/T,T/C,G/A,C/C,C/C,A/A,T/T,T/T,G/G,C/C,C/A,A/A,G/G,G/G,T/C,C/T,C/C,T/T,C/T,G/G,T/T,A/A,T/T,T/T,T/C,T/C,C/C,A/A,T/C,G/A,A/A,G/G,G/G,C/T,C/T,T/T,A/C,C/C,C/C,G/G,A/A,A/G,A/A,T/T,G/A,C/T,C/C,C/C,A/A,G/G,C/C,A/A,G/G,T/T,G/A,T/T,A/C,A/A,C/T,A/A,C/T,T/C,C/C,G/A,G/A,A/A,C/C,C/C,C/C,T/T,C/C,G/A,C/G,G/G,A/A,C/C,A/G,T/T,A/A,C/T,A/A,C/C,A/G,G/A,T/C,A/A,C/C,T/C,C/T,C/T,G/A,T/T,G/G,A/G,A/G,C/A,C/C,C/C,C/C,A/A,T/T,G/G,C/T,A/A,T/T,G/A,A/G,A/A,A/A,G/G,T/C,G/G,G/G,T/C,T/T,A/A,A/A,C/C,C/C,G/T,A/A,NA,A/A,T/C,C/G,G/A,C/A,T/A,A/T,T/C,G/A,T/G,G/G,G/A,T/C,G/G,T/T,A/A,G/G,C/C,A/G,G/G,A/A,A/G
F13,A/T,A/A,G/T,G/T,A/G,T/T,T/T,T/C,G/A,C/C,C/C,A/A,T/T,T/C,G/G,C/C,C/A,G/A,G/A,A/G,C/C,C/T,C/T,G/T,C/C,G/G,T/T,A/A,T/C,C/T,T/C,T/C,C/T,A/A,T/C,G/A,A/C,A/G,A/A,T/T,C/C,C/T,A/C,C/A,C/C,G/T,G/A,A/G,C/A,T/C,G/A,C/T,C/T,C/C,C/A,G/G,C/T,A/A,G/G,T/T,G/A,T/T,A/C,A/A,C/T,A/A,C/T,C/C,C/C,G/A,G/A,T/A,C/C,C/C,C/T,T/T,C/T,G/A,C/G,G/G,A/A,C/A,A/G,T/T,A/A,C/T,A/A,C/T,A/G,A/A,T/C,G/A,C/A,C/C,C/T,C/C,G/A,T/T,G/T,A/G,A/G,C/A,C/T,T/C,C/T,G/G,T/T,G/C,C/C,A/G,T/T,G/A,A/G,A/G,T/A,G/G,T/C,G/A,G/G,T/C,T/T,A/A,C/A,C/C,C/C,G/T,A/A,A/A,A/A,T/C,C/G,G/A,C/A,A/A,A/T,T/C,G/A,T/G,G/A,G/A,T/T,NA,G/G,G/G,G/A,C/C,A/G,T/G,A/G,A/G
F10,T/T,A/A,G/G,T/T,A/G,T/A,G/T,T/C,G/A,A/A,T/T,T/A,T/T,C/C,G/G,A/A,A/A,G/G,A/A,A/G,T/C,C/T,C/C,T/T,C/T,A/A,G/G,G/G,T/C,C/T,T/C,T/C,T/T,A/A,T/C,G/A,C/C,A/A,G/G,T/T,C/T,C/C,A/C,C/A,T/T,T/T,A/A,A/G,C/C,T/C,A/A,T/T,C/C,C/C,C/A,G/C,T/T,G/A,G/T,C/C,A/A,C/C,A/A,A/G,C/T,A/G,C/T,T/C,C/T,A/A,G/A,T/T,A/A,G/C,C/T,C/C,C/T,G/A,C/G,A/A,A/A,A/A,A/G,T/T,A/G,T/T,G/G,C/T,NA,G/A,T/C,A/A,A/A,T/T,C/T,C/T,G/A,C/T,G/T,A/G,A/A,C/A,C/C,T/C,C/T,A/A,T/T,C/C,C/T,A/A,G/G,G/G,A/G,G/G,A/A,G/G,T/C,G/A,NA,T/C,T/C,G/G,C/A,C/T,C/T,G/G,A/A,G/A,G/A,T/C,C/G,G/G,C/A,T/A,A/T,C/C,A/A,T/G,G/G,G/A,T/C,A/A,T/T,A/A,NA,C/T,A/G,T/G,A/A,A/G
F11,T/T,A/A,T/T,G/G,G/G,A/A,G/G,T/C,G/A,C/A,C/C,T/A,C/T,T/C,A/A,C/A,C/A,G/A,G/A,A/A,C/C,C/T,T/T,G/G,T/T,G/A,G/G,G/G,C/C,C/C,T/C,C/C,C/C,G/A,T/C,G/A,A/A,A/G,A/A,C/T,C/T,T/T,A/C,C/A,C/T,T/T,G/G,A/G,A/A,T/C,G/G,C/C,C/C,C/C,A/A,C/C,T/T,G/G,T/T,C/T,G/G,C/C,A/C,A/G,C/T,A/G,C/T,T/C,T/T,G/A,G/A,T/T,A/A,G/G,C/T,C/C,C/C,G/A,C/G,G/A,G/A,C/C,A/G,G/T,A/G,C/T,G/A,T/T,A/G,G/G,T/C,A/A,C/A,T/T,C/C,NA,G/A,T/T,G/G,A/G,G/G,C/A,C/T,T/C,T/T,G/G,T/T,G/G,C/T,A/A,T/T,G/A,A/G,A/A,A/A,G/T,T/C,G/A,G/T,T/C,T/C,G/A,C/A,C/T,C/T,G/T,A/G,A/A,G/A,T/C,C/G,A/A,C/A,T/A,A/T,T/C,G/A,T/G,G/G,G/A,T/C,A/G,G/G,G/G,A/A,C/T,A/G,T/G,A/A,A/G
F16,A/A,A/A,T/T,T/T,A/G,T/A,G/T,T/C,G/A,C/C,T/T,T/A,C/T,C/C,G/A,C/A,C/A,G/G,G/G,G/G,T/C,C/C,T/T,G/T,C/C,G/A,T/T,A/A,T/T,C/C,T/C,T/T,C/C,A/A,T/C,G/A,C/C,G/G,NA,C/T,C/T,C/C,A/C,A/A,C/C,G/G,G/A,A/G,A/A,C/C,G/A,C/C,C/C,A/A,C/C,G/G,T/T,G/G,T/T,C/T,G/A,T/T,C/C,A/G,C/C,A/G,C/C,T/T,C/C,G/A,G/A,A/A,C/C,G/G,C/T,C/C,T/T,G/G,C/C,A/A,G/G,A/A,G/G,G/G,A/G,C/C,G/A,C/C,A/G,A/A,T/C,G/G,C/A,T/C,C/C,C/C,G/A,C/T,G/T,A/G,A/G,C/A,C/C,T/C,C/C,A/A,C/C,G/C,C/T,G/G,T/T,G/A,A/G,G/G,T/T,T/T,C/C,G/A,G/G,T/C,T/T,G/G,C/A,T/T,C/T,G/T,A/A,A/A,G/G,T/C,C/G,G/A,C/C,T/A,A/T,T/C,G/A,T/G,A/A,G/A,T/C,A/A,G/G,G/G,A/A,C/C,A/G,T/T,G/G,A/G
F17,A/A,G/G,T/T,T/T,A/A,T/T,G/G,T/C,G/A,A/A,C/C,A/A,NA,T/T,A/A,C/C,A/A,G/G,G/G,A/G,T/T,C/T,C/C,T/T,C/T,A/A,T/T,A/A,C/C,C/C,C/C,T/C,C/C,G/G,NA,G/A,C/C,A/A,A/A,T/T,C/T,T/T,A/C,C/C,T/T,T/T,A/A,A/G,C/C,C/C,G/A,C/C,NA,A/A,C/C,C/C,T/T,A/A,G/G,C/T,G/A,C/T,A/A,A/G,T/T,A/A,C/T,T/C,T/T,G/A,G/G,T/T,C/C,C/C,C/T,T/T,C/C,G/A,C/G,G/A,G/G,C/A,A/G,T/T,G/G,C/T,G/A,NA,A/G,G/A,T/T,G/A,C/C,C/C,C/T,C/T,G/A,C/T,G/G,A/G,A/G,C/A,T/T,C/C,C/T,A/A,T/T,G/G,T/T,G/G,G/G,G/A,A/G,G/G,NA,G/G,T/C,G/A,T/T,T/C,C/C,A/A,A/A,T/T,T/T,G/T,G/G,G/G,A/A,T/C,C/G,G/A,C/A,T/A,A/T,T/C,G/G,T/G,G/G,G/A,C/C,A/A,G/G,A/A,G/A,C/T,A/G,T/G,A/A,A/G
F14,A/T,A/G,G/T,G/T,A/A,A/A,T/T,T/C,G/G,A/A,T/T,T/A,C/C,T/T,A/A,A/A,C/A,A/A,A/A,A/G,T/C,C/C,T/T,G/G,NA,G/A,G/G,G/G,C/C,T/T,T/T,T/C,T/T,G/G,T/C,G/A,A/A,A/A,A/G,C/C,C/T,T/T,A/A,C/C,T/T,T/T,G/G,A/G,C/C,C/C,A/A,T/T,T/T,A/A,C/C,C/C,C/C,G/G,T/T,C/T,G/A,C/C,C/C,A/G,C/T,NA,C/T,T/C,T/T,G/A,A/A,T/T,A/A,G/C,C/T,T/T,C/T,A/A,C/G,G/A,A/A,C/C,A/G,G/T,G/G,C/T,A/A,C/T,A/G,G/A,T/T,A/A,C/A,C/C,C/T,T/T,G/A,C/C,T/T,A/G,A/G,C/C,C/C,C/C,T/T,G/G,C/C,G/G,C/T,G/G,G/T,G/A,G/G,G/G,T/T,G/T,T/C,G/A,G/G,T/C,T/C,A/A,C/A,T/T,T/T,T/T,A/A,G/A,G/A,T/C,C/G,G/A,A/A,T/T,A/T,T/C,G/G,T/G,G/A,G/A,T/C,A/G,G/T,G/A,G/A,C/T,A/A,T/G,A/G,A/G
F15,A/A,G/G,G/G,G/T,G/G,T/A,G/T,T/C,G/A,C/A,T/T,T/A,C/T,T/C,G/A,C/C,C/C,A/A,G/A,A/G,T/C,C/T,C/T,G/G,C/T,G/G,T/G,G/G,T/C,T/T,T/C,T/C,C/T,G/G,T/C,G/A,A/C,A/G,A/G,T/T,C/T,T/T,A/C,C/A,C/T,G/G,G/A,A/G,C/C,T/C,G/G,C/T,C/T,A/C,C/A,G/C,T/T,G/A,G/T,C/C,G/A,C/T,A/C,A/G,C/T,A/G,C/T,T/C,C/C,G/A,G/A,T/T,C/C,G/C,C/T,C/T,C/T,G/A,C/G,G/A,A/A,C/C,A/G,G/G,A/G,NA,G/A,C/T,A/G,G/G,T/C,G/A,C/A,T/C,C/T,C/T,G/A,C/T,T/T,G/G,A/A,C/A,C/T,T/C,C/T,A/G,C/C,G/C,C/T,G/G,G/T,G/A,A/G,A/G,T/A,T/T,T/C,G/A,G/T,T/C,T/C,G/A,C/A,T/T,C/T,G/T,A/G,G/A,G/G,T/C,C/G,G/G,C/A,T/T,A/T,T/C,G/A,T/G,A/A,G/A,T/C,A/G,G/T,G/A,A/A,C/C,A/G,T/G,G/G,A/G
