Sample,chr2:96087969:A:T,chr2:113554163:A:G,chr2:116998300:G:T,chr2:166955370:G:T,chr2:326228327:A:G,chr2:389598939:A:T,chr2:438131745:G:T,chr2:514447390:C:T,chr2:582500604:A:G,chr2:586411626:A:C,chr2:641918445:C:T,chr2:646314536:A:T,chr2:704663332:C:T,chr2:746975767:C:T,chr2:749377018:A:G,chr2:753593131:A:C,chr2:757836466:A:C,chr2:788731038:A:G,chr2:790312384:A:G,chr2:917225746:A:G,chr2:927834304:C:T,chr2:1000291964:C:T,chr2:1009390765:C:T,chr2:1050715798:G:T,chr2:1231126025:C:T,chr2:1242037233:A:G,chr2:1372326230:G:T,chr2:1426119534:A:G,chr2:1582440579:C:T,chr2:1679602102:C:T,chr2:1685349411:C:T,chr3:25490081:C:T,chr3:84140580:C:T,chr3:106823902:A:G,chr3:118430153:C:T,chr3:118869325:A:G,chr3:505519994:A:C,chr3:572466023:A:G,chr3:601621515:A:G,chr3:640139594:C:T,chr3:669770720:C:T,chr3:688233880:C:T,chr3:709799367:A:C,chr3:782698170:A:C,chr3:930781725:C:T,chr3:954630350:G:T,chr3:1116829773:A:G,chr3:1156911232:A:G,chr3:1430897534:A:C,chr4:35683435:C:T,chr4:76012408:A:G,chr4:282650191:C:T,chr4:369428679:C:T,chr4:399495780:A:C,chr4:519073352:A:C,chr4:562908069:C:G,chr4:583715748:C:T,chr4:671146674:A:G,chr4:707310010:G:T,chr4:726098565:C:T,chr4:766520376:A:G,chr4:904655316:C:T,chr4:1004820079:A:C,chr4:1069901431:A:G,chr4:1225735889:C:T,chr4:1248330187:A:G,chr4:1255335465:C:T,chr4:1260448718:C:T,chr4:1505900672:C:T,chr4:1531751376:A:G,chr4:1578032719:A:G,chr5:24337734:A:T,chr5:28835381:A:C,chr5:80804829:C:G,chr5:105954585:C:T,chr5:157205807:C:T,chr5:163813368:C:T,chr5:435491031:A:G,chr5:452818136:C:G,chr5:724417340:A:G,chr5:742986796:A:G,chr5:816047640:A:C,chr5:934548665:A:G,chr5:957478078:G:T,chr5:1023223431:A:G,chr5:1028106634:C:T,chr5:1051170209:A:G,chr5:1154728947:C:T,chr5:1185415343:A:G,chr5:1290568347:A:G,chr6:49501398:C:T,chr6:51749213:A:G,chr6:79784464:A:C,chr6:456201107:C:T,chr6:658516587:C:T,chr6:713748933:C:T,chr6:740398209:A:G,chr6:899293109:C:T,chr6:970470954:G:T,chr6:1074315995:A:G,chr6:1337842821:A:G,chr1L:2959066:A:C,chr1L:9139829:C:T,chr1L:54193658:C:T,chr1L:69241599:C:T,chr1L:269222753:A:G,chr1L:431271693:C:T,chr1L:512215143:C:G,chr1L:576680331:C:T,chr1L:590658208:A:G,chr1L:636824825:G:T,chr1L:680162444:A:G,chr1L:687737649:A:G,chr1L:704383938:A:G,chr1L:729425161:A:T,chr1L:872162675:G:T,chr1L:938458904:C:T,chr1L:984014418:A:G,chr1L:1003589949:G:T,chr1L:1008779296:C:T,chr1L:1063778330:C:T,chr1L:1068260783:A:G,chr1L:1093851681:A:C,chr1L:1093876408:C:T,chr1L:1095410610:C:T,chr1L:1100399669:G:T,chr1L:1113158036:A:G,chr1L:1121767612:A:G,chr1L:1130961067:A:G,chr1L:1305387731:C:T,chr1L:1305473632:C:G,chr1L:1354760066:A:G,chr1L:1384049647:A:C,chr1L:1410694018:A:T,chr1L:1848693651:A:T,chr1S:21695768:C:T,chr1S:90738856:A:G,chr1S:374134089:G:T,chr1S:428021948:A:G,chr1S:582890125:A:G,chr1S:763067876:C:T,chr1S:986010042:A:G,chr1S:1005171044:G:T,chr1S:1302756340:A:G,chr1S:1341039316:A:G,chr1S:1409286190:C:T,chr1S:1469594218:A:G,chr1S:1473412435:G:T,sca197:83164:A:G,sca400:297455:A:G
F1,A/A,G/G,T/T,G/T,A/A,T/A,G/T,T/C,G/A,A/A,C/C,T/T,C/C,C/C,G/G,C/C,C/C,A/A,A/A,A/G,T/T,C/T,T/T,G/G,C/T,A/A,G/G,G/G,NA,T/T,T/C,T/C,T/T,G/G,T/C,G/A,A/C,G/G,A/A,C/T,C/T,C/C,NA,C/C,C/C,T/T,A/A,A/G,A/A,T/T,G/A,C/C,T/T,A/A,A/A,NA,T/T,A/A,G/G,C/T,G/A,T/T,A/A,G/G,C/T,A/G,C/C,T/C,NA,G/A,G/A,A/A,A/C,G/G,C/T,C/C,NA,G/A,C/G,G/G,A/A,C/C,A/G,NA,G/G,T/T,A/A,C/C,A/G,A/A,T/C,G/A,NA,T/C,C/T,C/T,G/A,C/T,G/G,A/G,A/G,C/A,NA,T/C,C/T,G/G,T/C,G/C,C/T,A/A,G/G,G/A,A/G,G/G,T/A,G/T,T/C,G/A,G/G,T/C,C/C,A/A,C/A,T/T,C/C,G/T,A/A,G/A,G/G,T/C,C/G,G/G,C/A,T/A,A/T,T/C,G/A,T/G,G/G,G/A,T/C,G/G,T/T,G/G,G/A,T/T,A/G,T/G,A/G,A/G
F2,T/T,G/G,G/G,G/G,A/A,A/A,G/G,T/C,G/A,C/C,T/T,T/T,T/T,T/T,G/G,C/C,C/A,A/A,G/G,A/G,T/C,C/T,C/C,T/T,C/T,G/G,T/T,A/A,T/T,T/T,T/C,T/T,C/C,A/A,T/C,G/A,C/C,A/A,G/G,C/T,C/T,C/C,A/C,C/C,T/T,G/G,A/A,A/G,C/C,T/T,G/A,T/T,T/T,A/A,C/C,C/C,C/C,G/G,T/T,C/T,A/A,C/T,A/A,A/G,C/T,G/G,C/T,T/C,T/T,G/A,G/A,A/A,A/A,C/C,C/T,T/T,C/T,G/A,C/G,A/A,G/G,A/A,A/A,T/T,A/G,C/C,G/G,C/T,A/G,G/G,C/C,G/G,C/A,T/T,C/T,T/T,G/A,C/C,G/T,A/G,A/G,C/A,T/T,T/T,C/T,G/G,C/C,G/G,C/T,A/A,G/G,G/A,A/A,A/A,T/T,T/T,T/C,G/A,T/T,T/C,C/C,G/G,C/A,C/C,C/T,G/T,G/G,G/A,G/G,T/C,C/G,G/A,C/A,A/A,A/T,T/C,A/A,T/T,A/A,G/A,T/T,G/G,T/T,G/G,G/A,T/T,A/G,T/G,G/G,A/G
F3,A/A,A/G,G/G,G/G,A/G,T/T,G/T,T/T,G/A,A/A,T/T,T/T,C/T,T/T,G/G,C/A,C/A,G/A,G/G,A/G,T/C,C/T,C/T,G/T,C/T,G/A,G/G,G/G,T/T,T/T,T/C,T/C,T/T,G/G,T/C,G/A,A/C,A/A,G/G,C/C,C/T,T/T,A/C,C/A,C/C,G/G,A/A,A/G,C/A,T/C,G/G,C/T,C/T,A/C,A/A,G/G,T/T,A/A,G/G,C/T,G/A,T/T,C/C,A/G,C/T,A/A,C/T,T/C,C/T,G/A,G/A,A/A,C/C,G/G,C/T,C/C,C/C,A/A,C/G,A/A,G/G,C/A,A/G,G/G,G/G,C/T,A/A,C/C,G/G,A/A,T/C,G/A,C/A,T/C,C/T,C/T,G/G,C/C,G/G,A/G,A/G,C/A,C/C,T/C,C/T,A/A,C/C,G/C,C/C,A/A,G/G,A/A,A/G,A/A,T/T,G/G,T/T,G/G,G/T,T/C,T/T,NA,C/C,T/T,C/C,T/T,A/A,G/G,A/A,T/C,C/G,G/A,C/A,T/A,A/T,T/C,A/A,T/G,G/G,G/A,T/C,G/G,T/T,A/A,G/G,C/T,A/G,T/G,G/G,A/G
F4,T/T,G/G,G/G,G/G,A/A,A/A,G/G,T/C,G/A,C/C,T/T,T/T,T/T,T/T,NA,NA,C/A,NA,G/G,A/G,T/C,C/T,C/C,T/T,C/T,NA,NA,NA,T/T,NA,T/C,T/T,C/C,A/A,T/C,G/A,NA,NA,G/G,C/T,C/T,C/C,A/C,C/C,T/T,G/G,A/A,A/G,C/C,T/T,G/A,C/C,T/T,A/A,C/C,C/C,NA,G/G,T/T,C/T,G/A,C/C,A/A,G/G,C/T,G/G,T/T,T/T,T/T,G/A,G/A,A/A,A/A,C/C,C/T,NA,T/T,G/A,C/G,A/A,G/G,NA,A/G,T/T,A/G,C/C,G/G,C/T,A/G,NA,C/C,G/G,C/A,T/T,C/T,T/T,G/A,C/C,G/T,A/G,A/G,C/A,T/T,NA,T/T,G/G,C/C,G/G,T/T,NA,G/G,G/A,A/A,A/A,T/T,T/T,T/C,G/A,T/T,T/C,C/C,G/G,C/C,NA,T/T,G/G,G/G,G/A,G/G,T/C,C/G,G/A,NA,A/A,T/T,T/C,A/A,T/T,A/A,G/A,T/T,G/G,T/T,G/G,A/A,C/T,A/G,T/G,G/G,A/G
F5,T/T,A/A,G/G,G/T,A/G,T/T,G/T,T/C,A/A,C/A,C/C,T/T,C/C,C/C,G/A,C/C,C/A,A/A,A/A,A/A,T/T,C/T,T/T,G/G,T/T,G/G,G/G,A/A,C/C,C/C,T/C,T/C,C/C,G/G,T/C,G/A,A/A,A/A,A/A,C/C,C/T,C/T,A/C,A/A,C/T,T/T,G/G,A/G,C/A,T/T,G/G,T/T,C/T,A/C,A/A,G/C,C/T,G/G,G/T,T/T,G/A,C/C,A/C,A/G,C/T,A/G,C/T,T/C,T/T,G/A,G/A,T/A,A/C,G/C,C/T,C/T,T/T,G/A,C/G,A/A,A/A,C/C,A/G,G/T,A/G,T/T,A/A,T/T,A/G,A/A,T/C,G/G,C/A,T/C,C/T,C/T,G/A,T/T,G/G,A/G,A/G,C/A,T/T,T/T,C/T,A/A,T/C,C/C,C/T,A/G,G/T,G/A,A/G,A/G,T/A,G/T,T/C,G/A,T/T,T/C,T/C,A/A,C/A,C/C,C/C,G/G,G/G,G/A,G/G,T/C,C/G,A/A,C/A,T/A,A/A,T/C,G/G,T/T,A/A,G/A,T/C,A/G,T/T,G/A,G/A,C/T,A/G,T/G,A/G,A/G
F6,T/T,A/G,G/T,T/T,A/A,A/A,G/G,T/C,G/G,C/C,C/C,T/A,T/T,C/C,G/G,A/A,C/A,G/G,A/A,A/G,T/C,C/T,T/T,T/T,C/T,A/A,T/T,A/A,C/C,C/T,T/C,T/C,C/T,G/G,T/C,G/A,A/A,A/G,A/G,C/C,C/T,C/T,A/C,C/A,C/C,G/G,G/G,A/G,A/A,C/C,G/A,C/C,T/T,A/C,A/A,C/C,C/T,G/A,T/T,C/T,G/A,NA,C/C,A/G,C/T,A/A,C/T,T/C,C/T,G/A,G/A,T/A,A/C,G/C,C/T,C/T,T/T,G/A,C/G,G/G,A/A,C/C,A/G,G/G,A/G,T/T,G/G,T/T,A/G,G/A,T/C,A/A,C/A,T/T,C/T,C/T,G/A,C/T,T/T,A/G,A/G,C/A,C/C,C/C,C/T,G/G,T/T,G/C,C/T,A/G,G/T,G/A,A/G,A/G,T/A,G/T,T/C,G/A,G/T,T/C,T/C,G/G,C/A,T/T,C/T,G/T,A/G,G/A,G/A,T/C,C/G,G/A,C/A,T/T,A/T,T/C,G/G,G/G,A/A,G/A,T/C,A/G,G/G,G/A,G/G,C/C,A/G,T/T,A/A,A/G
F7,A/T,A/G,G/T,G/T,A/G,T/A,T/T,T/C,G/A,C/C,C/C,A/A,C/C,T/T,A/A,A/A,C/A,A/A,A/A,A/A,T/C,C/T,C/C,G/G,C/T,A/A,G/G,G/G,C/C,C/C,T/C,C/C,C/T,G/A,T/C,G/A,A/A,A/A,A/A,C/T,C/T,T/T,C/C,A/A,T/T,T/T,G/G,A/G,A/A,T/T,A/A,C/C,C/C,A/A,C/C,G/G,C/C,A/A,G/G,C/T,G/A,T/T,A/A,A/G,C/T,A/G,C/T,T/C,T/T,G/A,G/A,T/T,A/A,C/C,C/T,C/C,T/T,G/A,C/G,G/G,A/A,A/A,A/G,G/G,A/A,T/T,G/A,C/C,A/G,G/A,T/C,A/A,A/A,C/C,T/T,C/T,A/A,T/T,T/T,A/G,A/G,C/A,T/T,T/T,C/T,A/A,T/T,G/G,C/T,A/A,T/T,G/A,A/G,A/A,A/A,G/G,T/C,G/A,G/G,T/C,C/C,A/A,A/A,T/T,T/T,G/T,G/G,G/A,A/A,T/C,C/G,G/A,A/A,A/A,A/T,T/C,G/A,G/G,G/A,G/A,T/C,A/A,NA,G/G,G/G,T/T,A/G,T/G,A/A,A/G
F8,T/T,A/A,T/T,G/G,G/G,A/A,G/G,T/C,G/A,C/A,C/T,A/A,C/T,T/T,A/A,A/A,C/A,G/A,G/A,A/A,T/C,C/T,T/T,G/T,C/C,G/A,T/G,G/G,C/C,C/C,T/C,T/C,T/T,G/G,T/C,G/A,C/C,G/G,A/G,T/T,C/T,C/C,A/C,C/A,C/C,G/G,G/G,A/G,C/A,C/C,A/A,C/C,C/T,C/C,C/A,G/C,C/T,G/A,G/T,C/T,G/A,C/T,A/A,A/G,C/T,A/G,C/T,T/C,T/T,G/A,G/A,T/A,A/C,G/C,C/T,T/T,C/T,G/A,C/G,G/G,G/G,A/A,A/G,G/G,G/G,C/T,G/A,T/T,A/G,G/G,T/C,G/A,C/A,T/C,C/T,C/C,G/A,C/C,T/T,A/G,A/G,C/A,T/T,T/C,C/T,A/A,C/C,C/C,C/T,A/A,T/T,G/A,A/G,A/A,A/A,G/T,C/C,G/A,T/T,T/C,T/C,G/A,C/A,C/T,C/T,G/T,A/A,G/A,G/A,T/C,C/G,G/A,C/A,T/A,A/T,T/C,G/A,T/G,G/A,G/A,T/C,A/G,G/G,A/A,G/G,C/T,A/G,T/G,G/G,A/G
F9,A/T,G/G,G/G,T/T,G/G,A/A,G/G,T/C,A/A,C/C,C/T,T/A,C/C,C/C,G/A,A/A,C/C,G/G,A/A,A/G,T/C,T/T,C/C,G/T,C/T,G/A,T/G,G/A,T/C,T/T,T/T,T/C,C/C,G/G,T/C,G/G,A/A,A/A,A/G,T/T,C/T,C/T,A/C,A/A,C/T,G/T,G/A,A/G,C/C,T/C,G/A,T/T,C/C,C/C,C/C,G/G,C/T,G/G,T/T,C/T,G/A,C/C,A/C,A/G,C/C,G/G,C/T,T/C,C/C,G/A,G/A,T/T,C/C,G/G,C/T,T/T,C/C,G/G,C/G,G/G,G/G,C/A,A/G,G/G,A/G,C/C,G/G,C/C,A/G,G/G,T/C,G/G,C/A,T/C,C/T,C/C,G/A,C/T,G/G,A/G,A/A,C/A,C/T,T/C,T/T,A/G,T/T,C/C,C/T,A/A,T/T,G/A,A/G,A/A,A/A,G/G,T/C,G/A,T/T,T/C,C/C,G/G,C/C,C/C,C/C,G/T,G/G,G/G,G/G,T/C,C/G,G/A,C/A,T/T,A/T,T/T,A/A,G/G,G/G,G/A,T/C,G/G,G/T,A/A,G/A,T/T,A/G,T/G,A/G,A/G
F23,NA,G/G,T/T,G/G,G/G,NA,NA,C/C,NA,A/A,T/T,T/T,T/T,C/C,A/A,A/A,C/A,A/A,A/A,G/G,T/C,C/T,C/C,NA,T/T,G/A,G/G,G/G,T/C,T/T,T/C,T/C,T/T,NA,T/T,G/A,A/A,G/G,G/G,C/C,C/T,T/T,A/C,C/A,T/T,G/G,G/G,A/A,C/A,T/T,NA,T/T,C/C,C/C,A/A,C/C,C/C,A/A,NA,C/C,G/G,C/T,C/C,G/G,T/T,G/G,C/C,T/C,C/C,G/A,G/A,NA,NA,G/G,C/T,C/C,T/T,G/G,C/G,NA,G/G,A/A,NA,G/G,A/A,C/C,NA,T/T,A/G,G/G,NA,NA,C/A,T/C,C/T,C/T,G/A,C/T,G/G,A/A,G/G,C/A,C/C,T/C,C/C,NA,C/C,G/C,C/T,G/G,T/T,NA,A/G,G/G,A/A,G/T,T/C,NA,T/T,T/C,NA,G/A,NA,C/C,NA,NA,G/G,G/A,NA,NA,C/C,G/A,C/C,T/T,T/T,C/C,G/A,T/G,NA,G/G,C/C,A/G,G/T,G/G,A/A,C/T,A/G,G/G,G/G,A/G
F22,A/A,A/A,NA,NA,G/G,T/A,T/T,T/T,G/A,NA,T/T,T/A,C/C,NA,A/A,C/C,C/A,G/G,G/G,NA,T/C,C/T,C/C,G/G,C/T,G/A,T/T,A/A,T/T,C/C,T/C,T/C,NA,A/A,T/C,NA,C/C,G/G,G/G,C/C,C/T,C/T,A/C,C/C,NA,G/G,NA,NA,NA,NA,G/A,C/C,C/T,C/C,A/A,C/C,C/C,NA,T/T,C/C,G/A,C/T,C/C,A/A,NA,G/G,NA,T/C,C/C,NA,G/A,T/T,A/C,G/G,C/T,C/C,T/T,NA,NA,A/A,NA,C/A,G/G,G/T,NA,C/C,G/G,T/T,A/G,A/A,T/C,G/G,C/A,T/C,C/T,C/T,NA,NA,T/T,NA,G/G,C/A,T/T,T/T,NA,A/A,NA,C/C,NA,G/G,NA,G/A,A/G,NA,T/T,NA,T/C,G/A,G/T,NA,T/T,G/G,C/A,C/T,T/T,G/T,NA,A/A,G/G,T/T,C/G,G/A,C/A,T/A,A/A,NA,NA,T/G,A/A,G/A,T/C,A/A,T/T,A/A,G/A,T/T,A/G,T/G,NA,A/A
F18,A/A,G/G,T/T,G/G,G/G,T/T,T/T,T/C,G/A,A/A,C/C,A/A,C/C,C/C,A/A,A/A,C/A,G/G,G/G,G/G,T/C,C/T,C/T,T/T,C/T,G/G,T/G,G/A,T/C,C/T,C/C,T/C,T/T,A/A,T/C,G/A,C/C,G/G,A/G,T/T,C/T,C/C,A/C,A/A,C/C,T/T,G/G,A/G,C/A,C/C,G/A,T/T,T/T,A/A,C/A,G/G,C/T,A/A,G/G,C/T,G/A,C/C,C/C,A/G,C/T,A/G,T/T,T/C,C/C,G/G,NA,A/A,A/A,C/C,C/T,T/T,C/C,G/A,C/G,G/G,G/G,A/A,A/A,T/T,A/A,C/T,G/A,C/C,A/G,A/A,T/C,G/A,C/A,T/C,C/T,C/T,G/A,T/T,NA,A/G,A/A,C/A,C/C,T/C,C/C,G/G,C/C,C/C,C/T,G/G,G/G,G/A,G/G,G/G,T/T,T/T,T/T,A/A,G/G,T/C,T/C,A/A,A/A,C/C,C/C,G/T,G/G,G/G,A/A,T/C,C/G,G/G,C/A,T/T,A/T,T/C,G/A,T/G,A/A,G/A,T/C,A/G,G/G,A/A,G/A,C/T,A/G,G/G,A/A,A/G
F20,A/T,NA,T/T,T/T,A/A,T/T,G/T,T/C,G/G,A/A,C/C,T/T,C/T,T/T,G/G,C/C,C/A,G/G,G/G,A/G,T/C,C/T,T/T,G/T,C/T,A/A,T/T,A/A,T/T,C/C,T/C,C/C,T/T,A/A,T/C,G/A,C/C,G/G,A/A,C/C,C/T,C/C,A/C,A/A,T/T,T/T,A/A,G/G,A/A,C/C,G/A,T/T,T/T,A/A,C/C,G/G,C/C,G/G,G/G,C/T,NA,T/T,A/A,A/G,C/C,A/A,C/T,C/C,C/C,G/A,G/A,A/A,A/A,NA,NA,C/C,C/C,G/A,C/G,A/A,G/G,C/A,A/A,G/T,A/A,T/T,G/A,C/T,A/A,G/G,T/C,G/A,C/A,T/C,T/T,T/T,G/A,C/C,T/T,A/G,A/G,C/A,T/T,T/T,C/T,G/G,T/T,G/C,C/T,G/G,G/G,G/A,A/G,G/G,T/T,T/T,T/C,G/A,G/G,T/T,T/T,G/G,C/C,C/C,T/T,G/T,A/A,G/G,A/A,T/C,C/G,A/A,C/A,A/A,A/T,T/T,G/G,T/T,G/G,G/A,T/C,A/A,G/G,G/G,G/A,C/T,A/G,T/T,A/A,A/G
F12,A/T,A/A,G/G,T/T,A/G,T/T,T/T,T/C,G/A,C/C,C/C,A/A,T/T,T/T,G/G,C/C,C/A,A/A,G/G,G/G,T/C,C/T,C/C,T/T,C/T,G/G,T/T,A/A,T/T,T/T,T/C,T/C,C/C,A/A,T/C,G/A,A/A,G/G,G/G,C/T,C/T,T/T,A/C,C/C,C/C,G/G,A/A,A/G,A/A,T/T,G/A,C/T,C/C,C/C,A/A,G/G,C/C,A/A,G/G,T/T,G/A,T/T,A/C,A/A,C/T,A/A,C/T,T/C,C/C,G/A,G/A,A/A,C/C,C/C,C/C,T/T,C/C,G/A,C/G,G/G,A/A,C/C,A/G,T/T,A/A,C/T,A/A,C/C,A/G,G/A,T/C,A/A,C/C,T/C,C/T,C/T,G/A,T/T,G/G,A/G,A/G,C/A,C/C,C/C,C/C,A/A,T/T,G/G,C/T,A/A,T/T,G/A,A/G,A/A,A/A,G/G,T/C,G/G,G/G,T/C,T/T,A/A,A/A,C/C,C/C,G/T,A/A,NA,A/A,T/C,C/G,G/A,C/A,T/A,A/T,T/C,G/A,T/G,G/G,G/A,T/C,G/G,T/T,A/A,G/G,C/C,A/G,G/G,A/A,A/G
F13,A/T,A/A,G/T,G/T,A/G,T/T,T/T,T/C,G/A,C/C,C/C,A/A,T/T,T/C,G/G,C/C,C/A,G/A,G/A,A/G,C/C,C/T,C/T,G/T,C/C,G/G,T/T,A/A,T/C,C/T,T/C,T/C,C/T,A/A,T/C,G/A,A/C,A/G,A/A,T/T,C/C,C/T,A/C,C/A,C/C,G/T,G/A,A/G,C/A,T/C,G/A,C/T,C/T,C/C,C/A,G/G,C/T,A/A,G/G,T/T,G/A,T/T,A/C,A/A,C/T,A/A,C/T,C/C,C/C,G/A,G/A,T/A,C/C,C/C,C/T,T/T,C/T,G/A,C/G,G/G,A/A,C/A,A/G,T/T,A/A,C/T,A/A,C/T,A/G,A/A,T/C,G/A,C/A,C/C,C/T,C/C,G/A,T/T,G/T,A/G,A/G,C/A,C/T,T/C,C/T,G/G,T/T,G/C,C/C,A/G,T/T,G/A,A/G,A/G,T/A,G/G,T/C,G/A,G/G,T/C,T/T,A/A,C/A,C/C,C/C,G/T,A/A,A/A,A/A,T/C,C/G,G/A,C/A,A/A,A/T,T/C,G/A,T/G,G/A,G/A,T/T,NA,G/G,G/G,G/A,C/C,A/G,T/G,A/G,A/G
F10,T/T,A/A,G/G,T/T,A/G,T/A,G/T,T/C,G/A,A/A,T/T,T/A,T/T,C/C,G/G,A/A,A/A,G/G,A/A,A/G,T/C,C/T,C/C,T/T,C/T,A/A,G/G,G/G,T/C,C/T,T/C,T/C,T/T,A/A,T/C,G/A,C/C,A/A,G/G,T/T,C/T,C/C,A/C,C/A,T/T,T/T,A/A,A/G,C/C,T/C,A/A,T/T,C/C,C/C,C/A,G/C,T/T,G/A,G/T,C/C,A/A,C/C,A/A,A/G,C/T,A/G,C/T,T/C,C/T,A/A,G/A,T/T,A/A,G/C,C/T,C/C,C/T,G/A,C/G,A/A,A/A,A/A,A/G,T/T,A/G,T/T,G/G,C/T,NA,G/A,T/C,A/A,A/A,T/T,C/T,C/T,G/A,C/T,G/T,A/G,A/A,C/A,C/C,T/C,C/T,A/A,T/T,C/C,C/T,A/A,G/G,G/G,A/G,G/G,A/A,G/G,T/C,G/A,NA,T/C,T/C,G/G,C/A,C/T,C/T,G/G,A/A,G/A,G/A,T/C,C/G,G/G,C/A,T/A,A/T,C/C,A/A,T/G,G/G,G/A,T/C,A/A,T/T,A/A,NA,C/T,A/G,T/G,A/A,A/G
F11,T/T,A/A,T/T,G/G,G/G,A/A,G/G,T/C,G/A,C/A,C/C,T/A,C/T,T/C,A/A,C/A,C/A,G/A,G/A,A/A,C/C,C/T,T/T,G/G,T/T,G/A,G/G,G/G,C/C,C/C,T/C,C/C,C/C,G/A,T/C,G/A,A/A,A/G,A/A,C/T,C/T,T/T,A/C,C/A,C/T,T/T,G/G,A/G,A/A,T/C,G/G,C/C,C/C,C/C,A/A,C/C,T/T,G/G,T/T,C/T,G/G,C/C,A/C,A/G,C/T,A/G,C/T,T/C,T/T,G/A,G/A,T/T,A/A,G/G,C/T,C/C,C/C,G/A,C/G,G/A,G/A,C/C,A/G,G/T,A/G,C/T,G/A,T/T,A/G,G/G,T/C,A/A,C/A,T/T,C/C,NA,G/A,T/T,G/G,A/G,G/G,C/A,C/T,T/C,T/T,G/G,T/T,G/G,C/T,A/A,T/T,G/A,A/G,A/A,A/A,G/T,T/C,G/A,G/T,T/C,T/C,G/A,C/A,C/T,C/T,G/T,A/G,A/A,G/A,T/C,C/G,A/A,C/A,T/A,A/T,T/C,G/A,T/G,G/G,G/A,T/C,A/G,G/G,G/G,A/A,C/T,A/G,T/G,A/A,A/G
F16,A/A,A/A,T/T,T/T,A/G,T/A,G/T,T/C,G/A,C/C,T/T,T/A,C/T,C/C,G/A,C/A,C/A,G/G,G/G,G/G,T/C,C/C,T/T,G/T,C/C,G/A,T/T,A/A,T/T,C/C,T/C,T/T,C/C,A/A,T/C,G/A,C/C,G/G,NA,C/T,C/T,C/C,A/C,A/A,C/C,G/G,G/A,A/G,A/A,C/C,G/A,C/C,C/C,A/A,C/C,G/G,T/T,G/G,T/T,C/T,G/A,T/T,C/C,A/G,C/C,A/G,C/C,T/T,C/C,G/A,G/A,A/A,C/C,G/G,C/T,C/C,T/T,G/G,C/C,A/A,G/G,A/A,G/G,G/G,A/G,C/C,G/A,C/C,A/G,A/A,T/C,G/G,C/A,T/C,C/C,C/C,G/A,C/T,G/T,A/G,A/G,C/A,C/C,T/C,C/C,A/A,C/C,G/C,C/T,G/G,T/T,G/A,A/G,G/G,T/T,T/T,C/C,G/A,G/G,T/C,T/T,G/G,C/A,T/T,C/T,G/T,A/A,A/A,G/G,T/C,C/G,G/A,C/C,T/A,A/T,T/C,G/A,T/G,A/A,G/A,T/C,A/A,G/G,G/G,A/A,C/C,A/G,T/T,G/G,A/G
F17,A/A,G/G,T/T,T/T,A/A,T/T,G/G,T/C,G/A,A/A,C/C,A/A,NA,T/T,A/A,C/C,A/A,G/G,G/G,A/G,T/T,C/T,C/C,T/T,C/T,A/A,T/T,A/A,C/C,C/C,C/C,T/C,C/C,G/G,NA,G/A,C/C,A/A,A/A,T/T,C/T,T/T,A/C,C/C,T/T,T/T,A/A,A/G,C/C,C/C,G/A,C/C,NA,A/A,C/C,C/C,T/T,A/A,G/G,C/T,G/A,C/T,A/A,A/G,T/T,A/A,C/T,T/C,T/T,G/A,G/G,T/T,C/C,C/C,C/T,T/T,C/C,G/A,C/G,G/A,G/G,C/A,A/G,T/T,G/G,C/T,G/A,NA,A/G,G/A,T/T,G/A,C/C,C/C,C/T,C/T,G/A,C/T,G/G,A/G,A/G,C/A,T/T,C/C,C/T,A/A,T/T,G/G,T/T,G/G,G/G,G/A,A/G,G/G,NA,G/G,T/C,G/A,T/T,T/C,C/C,A/A,A/A,T/T,T/T,G/T,G/G,G/G,A/A,T/C,C/G,G/A,C/A,T/A,A/T,T/C,G/G,T/G,G/G,G/A,C/C,A/A,G/G,A/A,G/A,C/T,A/G,T/G,A/A,A/G
F14,A/T,A/G,G/T,G/T,A/A,A/A,T/T,T/C,G/G,A/A,T/T,T/A,C/C,T/T,A/A,A/A,C/A,A/A,A/A,A/G,T/C,C/C,T/T,G/G,NA,G/A,G/G,G/G,C/C,T/T,T/T,T/C,T/T,G/G,T/C,G/A,A/A,A/A,A/G,C/C,C/T,T/T,A/A,C/C,T/T,T/T,G/G,A/G,C/C,C/C,A/A,T/T,T/T,A/A,C/C,C/C,C/C,G/G,T/T,C/T,G/A,C/C,C/C,A/G,C/T,NA,C/T,T/C,T/T,G/A,A/A,T/T,A/A,G/C,C/T,T/T,C/T,A/A,C/G,G/A,A/A,C/C,A/G,G/T,G/G,C/T,A/A,C/T,A/G,G/A,T/T,A/A,C/A,C/C,C/T,T/T,G/A,C/C,T/T,A/G,A/G,C/C,C/C,C/C,T/T,G/G,C/C,G/G,C/T,G/G,G/T,G/A,G/G,G/G,T/T,G/T,T/C,G/A,G/G,T/C,T/C,A/A,C/A,T/T,T/T,T/T,A/A,G/A,G/A,T/C,C/G,G/A,A/A,T/T,A/T,T/C,G/G,T/G,G/A,G/A,T/C,A/G,G/T,G/A,G/A,C/T,A/A,T/G,A/G,A/G
F15,A/A,G/G,G/G,G/T,G/G,T/A,G/T,T/C,G/A,C/A,T/T,T/A,C/T,T/C,G/A,C/C,C/C,A/A,G/A,A/G,T/C,C/T,C/T,G/G,C/T,G/G,T/G,G/G,T/C,T/T,T/C,T/C,C/T,G/G,T/C,G/A,A/C,A/G,A/G,T/T,C/T,T/T,A/C,C/A,C/T,G/G,G/A,A/G,C/C,T/C,G/G,C/T,C/T,A/C,C/A,G/C,T/T,G/A,G/T,C/C,G/A,C/T,A/C,A/G,C/T,A/G,C/T,T/C,C/C,G/A,G/A,T/T,C/C,G/C,C/T,C/T,C/T,G/A,C/G,G/A,A/A,C/C,A/G,G/G,A/G,NA,G/A,C/T,A/G,G/G,T/C,G/A,C/A,T/C,C/T,C/T,G/A,C/T,T/T,G/G,A/A,C/A,C/T,T/C,C/T,A/G,C/C,G/C,C/T,G/G,G/T,G/A,A/G,A/G,T/A,T/T,T/C,G/A,G/T,T/C,T/C,G/A,C/A,T/T,C/T,G/T,A/G,G/A,G/G,T/C,C/G,G/G,C/A,T/T,A/T,T/C,G/A,T/G,A/A,G/A,T/C,A/G,G/T,G/A,A/A,C/C,A/G,T/G,G/G,A/G
