F1	chr2:96087969:A:T	A/A
F2	chr2:96087969:A:T	T/T
F3	chr2:96087969:A:T	A/A
F4	chr2:96087969:A:T	T/T
F5	chr2:96087969:A:T	T/T
F6	chr2:96087969:A:T	T/T
F7	chr2:96087969:A:T	A/T
F8	chr2:96087969:A:T	T/T
F9	chr2:96087969:A:T	A/T
F23	chr2:96087969:A:T	./.
F22	chr2:96087969:A:T	A/A
F18	chr2:96087969:A:T	A/A
F20	chr2:96087969:A:T	A/T
F12	chr2:96087969:A:T	A/T
F13	chr2:96087969:A:T	A/T
F10	chr2:96087969:A:T	T/T
F11	chr2:96087969:A:T	T/T
F16	chr2:96087969:A:T	A/A
F17	chr2:96087969:A:T	A/A
F14	chr2:96087969:A:T	A/T
F15	chr2:96087969:A:T	A/A
F1	chr2:113554163:A:G	G/G
F2	chr2:113554163:A:G	G/G
F3	chr2:113554163:A:G	A/G
F4	chr2:113554163:A:G	G/G
F5	chr2:113554163:A:G	A/A
F6	chr2:113554163:A:G	A/G
F7	chr2:113554163:A:G	A/G
F8	chr2:113554163:A:G	A/A
F9	chr2:113554163:A:G	G/G
F23	chr2:113554163:A:G	G/G
F22	chr2:113554163:A:G	A/A
F18	chr2:113554163:A:G	G/G
F20	chr2:113554163:A:G	./.
F12	chr2:113554163:A:G	A/A
F13	chr2:113554163:A:G	A/A
F10	chr2:113554163:A:G	A/A
F11	chr2:113554163:A:G	A/A
F16	chr2:113554163:A:G	A/A
F17	chr2:113554163:A:G	G/G
F14	chr2:113554163:A:G	A/G
F15	chr2:113554163:A:G	G/G
F1	chr2:116998300:G:T	T/T
F2	chr2:116998300:G:T	G/G
F3	chr2:116998300:G:T	G/G
F4	chr2:116998300:G:T	G/G
F5	chr2:116998300:G:T	G/G
F6	chr2:116998300:G:T	G/T
F7	chr2:116998300:G:T	G/T
F8	chr2:116998300:G:T	T/T
F9	chr2:116998300:G:T	G/G
F23	chr2:116998300:G:T	T/T
F22	chr2:116998300:G:T	./.
F18	chr2:116998300:G:T	T/T
F20	chr2:116998300:G:T	T/T
F12	chr2:116998300:G:T	G/G
F13	chr2:116998300:G:T	G/T
F10	chr2:116998300:G:T	G/G
F11	chr2:116998300:G:T	T/T
F16	chr2:116998300:G:T	T/T
F17	chr2:116998300:G:T	T/T
F14	chr2:116998300:G:T	G/T
F15	chr2:116998300:G:T	G/G
F1	chr2:166955370:G:T	G/T
F2	chr2:166955370:G:T	G/G
F3	chr2:166955370:G:T	G/G
F4	chr2:166955370:G:T	G/G
F5	chr2:166955370:G:T	G/T
F6	chr2:166955370:G:T	T/T
F7	chr2:166955370:G:T	G/T
F8	chr2:166955370:G:T	G/G
F9	chr2:166955370:G:T	T/T
F23	chr2:166955370:G:T	G/G
F22	chr2:166955370:G:T	./.
F18	chr2:166955370:G:T	G/G
F20	chr2:166955370:G:T	T/T
F12	chr2:166955370:G:T	T/T
F13	chr2:166955370:G:T	G/T
F10	chr2:166955370:G:T	T/T
F11	chr2:166955370:G:T	G/G
F16	chr2:166955370:G:T	T/T
F17	chr2:166955370:G:T	T/T
F14	chr2:166955370:G:T	G/T
F15	chr2:166955370:G:T	G/T
F1	chr2:326228327:A:G	A/A
F2	chr2:326228327:A:G	A/A
F3	chr2:326228327:A:G	A/G
F4	chr2:326228327:A:G	A/A
F5	chr2:326228327:A:G	A/G
F6	chr2:326228327:A:G	A/A
F7	chr2:326228327:A:G	A/G
F8	chr2:326228327:A:G	G/G
F9	chr2:326228327:A:G	G/G
F23	chr2:326228327:A:G	G/G
F22	chr2:326228327:A:G	G/G
F18	chr2:326228327:A:G	G/G
F20	chr2:326228327:A:G	A/A
F12	chr2:326228327:A:G	A/G
F13	chr2:326228327:A:G	A/G
F10	chr2:326228327:A:G	A/G
F11	chr2:326228327:A:G	G/G
F16	chr2:326228327:A:G	A/G
F17	chr2:326228327:A:G	A/A
F14	chr2:326228327:A:G	A/A
F15	chr2:326228327:A:G	G/G
F1	chr2:389598939:A:T	T/A
F2	chr2:389598939:A:T	A/A
F3	chr2:389598939:A:T	T/T
F4	chr2:389598939:A:T	A/A
F5	chr2:389598939:A:T	T/T
F6	chr2:389598939:A:T	A/A
F7	chr2:389598939:A:T	T/A
F8	chr2:389598939:A:T	A/A
F9	chr2:389598939:A:T	A/A
F23	chr2:389598939:A:T	./.
F22	chr2:389598939:A:T	T/A
F18	chr2:389598939:A:T	T/T
F20	chr2:389598939:A:T	T/T
F12	chr2:389598939:A:T	T/T
F13	chr2:389598939:A:T	T/T
F10	chr2:389598939:A:T	T/A
F11	chr2:389598939:A:T	A/A
F16	chr2:389598939:A:T	T/A
F17	chr2:389598939:A:T	T/T
F14	chr2:389598939:A:T	A/A
F15	chr2:389598939:A:T	T/A
F1	chr2:438131745:G:T	G/T
F2	chr2:438131745:G:T	G/G
F3	chr2:438131745:G:T	G/T
F4	chr2:438131745:G:T	G/G
F5	chr2:438131745:G:T	G/T
F6	chr2:438131745:G:T	G/G
F7	chr2:438131745:G:T	T/T
F8	chr2:438131745:G:T	G/G
F9	chr2:438131745:G:T	G/G
F23	chr2:438131745:G:T	./.
F22	chr2:438131745:G:T	T/T
F18	chr2:438131745:G:T	T/T
F20	chr2:438131745:G:T	G/T
F12	chr2:438131745:G:T	T/T
F13	chr2:438131745:G:T	T/T
F10	chr2:438131745:G:T	G/T
F11	chr2:438131745:G:T	G/G
F16	chr2:438131745:G:T	G/T
F17	chr2:438131745:G:T	G/G
F14	chr2:438131745:G:T	T/T
F15	chr2:438131745:G:T	G/T
F1	chr2:514447390:C:T	T/C
F2	chr2:514447390:C:T	T/C
F3	chr2:514447390:C:T	T/T
F4	chr2:514447390:C:T	T/C
F5	chr2:514447390:C:T	T/C
F6	chr2:514447390:C:T	T/C
F7	chr2:514447390:C:T	T/C
F8	chr2:514447390:C:T	T/C
F9	chr2:514447390:C:T	T/C
F23	chr2:514447390:C:T	C/C
F22	chr2:514447390:C:T	T/T
F18	chr2:514447390:C:T	T/C
F20	chr2:514447390:C:T	T/C
F12	chr2:514447390:C:T	T/C
F13	chr2:514447390:C:T	T/C
F10	chr2:514447390:C:T	T/C
F11	chr2:514447390:C:T	T/C
F16	chr2:514447390:C:T	T/C
F17	chr2:514447390:C:T	T/C
F14	chr2:514447390:C:T	T/C
F15	chr2:514447390:C:T	T/C
F1	chr2:582500604:A:G	G/A
F2	chr2:582500604:A:G	G/A
F3	chr2:582500604:A:G	G/A
F4	chr2:582500604:A:G	G/A
F5	chr2:582500604:A:G	A/A
F6	chr2:582500604:A:G	G/G
F7	chr2:582500604:A:G	G/A
F8	chr2:582500604:A:G	G/A
F9	chr2:582500604:A:G	A/A
F23	chr2:582500604:A:G	./.
F22	chr2:582500604:A:G	G/A
F18	chr2:582500604:A:G	G/A
F20	chr2:582500604:A:G	G/G
F12	chr2:582500604:A:G	G/A
F13	chr2:582500604:A:G	G/A
F10	chr2:582500604:A:G	G/A
F11	chr2:582500604:A:G	G/A
F16	chr2:582500604:A:G	G/A
F17	chr2:582500604:A:G	G/A
F14	chr2:582500604:A:G	G/G
F15	chr2:582500604:A:G	G/A
F1	chr2:586411626:A:C	A/A
F2	chr2:586411626:A:C	C/C
F3	chr2:586411626:A:C	A/A
F4	chr2:586411626:A:C	C/C
F5	chr2:586411626:A:C	C/A
F6	chr2:586411626:A:C	C/C
F7	chr2:586411626:A:C	C/C
F8	chr2:586411626:A:C	C/A
F9	chr2:586411626:A:C	C/C
F23	chr2:586411626:A:C	A/A
F22	chr2:586411626:A:C	./.
F18	chr2:586411626:A:C	A/A
F20	chr2:586411626:A:C	A/A
F12	chr2:586411626:A:C	C/C
F13	chr2:586411626:A:C	C/C
F10	chr2:586411626:A:C	A/A
F11	chr2:586411626:A:C	C/A
F16	chr2:586411626:A:C	C/C
F17	chr2:586411626:A:C	A/A
F14	chr2:586411626:A:C	A/A
F15	chr2:586411626:A:C	C/A
F1	chr2:641918445:C:T	C/C
F2	chr2:641918445:C:T	T/T
F3	chr2:641918445:C:T	T/T
F4	chr2:641918445:C:T	T/T
F5	chr2:641918445:C:T	C/C
F6	chr2:641918445:C:T	C/C
F7	chr2:641918445:C:T	C/C
F8	chr2:641918445:C:T	C/T
F9	chr2:641918445:C:T	C/T
F23	chr2:641918445:C:T	T/T
F22	chr2:641918445:C:T	T/T
F18	chr2:641918445:C:T	C/C
F20	chr2:641918445:C:T	C/C
F12	chr2:641918445:C:T	C/C
F13	chr2:641918445:C:T	C/C
F10	chr2:641918445:C:T	T/T
F11	chr2:641918445:C:T	C/C
F16	chr2:641918445:C:T	T/T
F17	chr2:641918445:C:T	C/C
F14	chr2:641918445:C:T	T/T
F15	chr2:641918445:C:T	T/T
F1	chr2:646314536:A:T	T/T
F2	chr2:646314536:A:T	T/T
F3	chr2:646314536:A:T	T/T
F4	chr2:646314536:A:T	T/T
F5	chr2:646314536:A:T	T/T
F6	chr2:646314536:A:T	T/A
F7	chr2:646314536:A:T	A/A
F8	chr2:646314536:A:T	A/A
F9	chr2:646314536:A:T	T/A
F23	chr2:646314536:A:T	T/T
F22	chr2:646314536:A:T	T/A
F18	chr2:646314536:A:T	A/A
F20	chr2:646314536:A:T	T/T
F12	chr2:646314536:A:T	A/A
F13	chr2:646314536:A:T	A/A
F10	chr2:646314536:A:T	T/A
F11	chr2:646314536:A:T	T/A
F16	chr2:646314536:A:T	T/A
F17	chr2:646314536:A:T	A/A
F14	chr2:646314536:A:T	T/A
F15	chr2:646314536:A:T	T/A
F1	chr2:704663332:C:T	C/C
F2	chr2:704663332:C:T	T/T
F3	chr2:704663332:C:T	C/T
F4	chr2:704663332:C:T	T/T
F5	chr2:704663332:C:T	C/C
F6	chr2:704663332:C:T	T/T
F7	chr2:704663332:C:T	C/C
F8	chr2:704663332:C:T	C/T
F9	chr2:704663332:C:T	C/C
F23	chr2:704663332:C:T	T/T
F22	chr2:704663332:C:T	C/C
F18	chr2:704663332:C:T	C/C
F20	chr2:704663332:C:T	C/T
F12	chr2:704663332:C:T	T/T
F13	chr2:704663332:C:T	T/T
F10	chr2:704663332:C:T	T/T
F11	chr2:704663332:C:T	C/T
F16	chr2:704663332:C:T	C/T
F17	chr2:704663332:C:T	./.
F14	chr2:704663332:C:T	C/C
F15	chr2:704663332:C:T	C/T
F1	chr2:746975767:C:T	C/C
F2	chr2:746975767:C:T	T/T
F3	chr2:746975767:C:T	T/T
F4	chr2:746975767:C:T	T/T
F5	chr2:746975767:C:T	C/C
F6	chr2:746975767:C:T	C/C
F7	chr2:746975767:C:T	T/T
F8	chr2:746975767:C:T	T/T
F9	chr2:746975767:C:T	C/C
F23	chr2:746975767:C:T	C/C
F22	chr2:746975767:C:T	./.
F18	chr2:746975767:C:T	C/C
F20	chr2:746975767:C:T	T/T
F12	chr2:746975767:C:T	T/T
F13	chr2:746975767:C:T	T/C
F10	chr2:746975767:C:T	C/C
F11	chr2:746975767:C:T	T/C
F16	chr2:746975767:C:T	C/C
F17	chr2:746975767:C:T	T/T
F14	chr2:746975767:C:T	T/T
F15	chr2:746975767:C:T	T/C
F1	chr2:749377018:A:G	G/G
F2	chr2:749377018:A:G	G/G
F3	chr2:749377018:A:G	G/G
F4	chr2:749377018:A:G	./.
F5	chr2:749377018:A:G	G/A
F6	chr2:749377018:A:G	G/G
F7	chr2:749377018:A:G	A/A
F8	chr2:749377018:A:G	A/A
F9	chr2:749377018:A:G	G/A
F23	chr2:749377018:A:G	A/A
F22	chr2:749377018:A:G	A/A
F18	chr2:749377018:A:G	A/A
F20	chr2:749377018:A:G	G/G
F12	chr2:749377018:A:G	G/G
F13	chr2:749377018:A:G	G/G
F10	chr2:749377018:A:G	G/G
F11	chr2:749377018:A:G	A/A
F16	chr2:749377018:A:G	G/A
F17	chr2:749377018:A:G	A/A
F14	chr2:749377018:A:G	A/A
F15	chr2:749377018:A:G	G/A
F1	chr2:753593131:A:C	C/C
F2	chr2:753593131:A:C	C/C
F3	chr2:753593131:A:C	C/A
F4	chr2:753593131:A:C	./.
F5	chr2:753593131:A:C	C/C
F6	chr2:753593131:A:C	A/A
F7	chr2:753593131:A:C	A/A
F8	chr2:753593131:A:C	A/A
F9	chr2:753593131:A:C	A/A
F23	chr2:753593131:A:C	A/A
F22	chr2:753593131:A:C	C/C
F18	chr2:753593131:A:C	A/A
F20	chr2:753593131:A:C	C/C
F12	chr2:753593131:A:C	C/C
F13	chr2:753593131:A:C	C/C
F10	chr2:753593131:A:C	A/A
F11	chr2:753593131:A:C	C/A
F16	chr2:753593131:A:C	C/A
F17	chr2:753593131:A:C	C/C
F14	chr2:753593131:A:C	A/A
F15	chr2:753593131:A:C	C/C
F1	chr2:757836466:A:C	C/C
F2	chr2:757836466:A:C	C/A
F3	chr2:757836466:A:C	C/A
F4	chr2:757836466:A:C	C/A
F5	chr2:757836466:A:C	C/A
F6	chr2:757836466:A:C	C/A
F7	chr2:757836466:A:C	C/A
F8	chr2:757836466:A:C	C/A
F9	chr2:757836466:A:C	C/C
F23	chr2:757836466:A:C	C/A
F22	chr2:757836466:A:C	C/A
F18	chr2:757836466:A:C	C/A
F20	chr2:757836466:A:C	C/A
F12	chr2:757836466:A:C	C/A
F13	chr2:757836466:A:C	C/A
F10	chr2:757836466:A:C	A/A
F11	chr2:757836466:A:C	C/A
F16	chr2:757836466:A:C	C/A
F17	chr2:757836466:A:C	A/A
F14	chr2:757836466:A:C	C/A
F15	chr2:757836466:A:C	C/C
F1	chr2:788731038:A:G	A/A
F2	chr2:788731038:A:G	A/A
F3	chr2:788731038:A:G	G/A
F4	chr2:788731038:A:G	./.
F5	chr2:788731038:A:G	A/A
F6	chr2:788731038:A:G	G/G
F7	chr2:788731038:A:G	A/A
F8	chr2:788731038:A:G	G/A
F9	chr2:788731038:A:G	G/G
F23	chr2:788731038:A:G	A/A
F22	chr2:788731038:A:G	G/G
F18	chr2:788731038:A:G	G/G
F20	chr2:788731038:A:G	G/G
F12	chr2:788731038:A:G	A/A
F13	chr2:788731038:A:G	G/A
F10	chr2:788731038:A:G	G/G
F11	chr2:788731038:A:G	G/A
F16	chr2:788731038:A:G	G/G
F17	chr2:788731038:A:G	G/G
F14	chr2:788731038:A:G	A/A
F15	chr2:788731038:A:G	A/A
F1	chr2:790312384:A:G	A/A
F2	chr2:790312384:A:G	G/G
F3	chr2:790312384:A:G	G/G
F4	chr2:790312384:A:G	G/G
F5	chr2:790312384:A:G	A/A
F6	chr2:790312384:A:G	A/A
F7	chr2:790312384:A:G	A/A
F8	chr2:790312384:A:G	G/A
F9	chr2:790312384:A:G	A/A
F23	chr2:790312384:A:G	A/A
F22	chr2:790312384:A:G	G/G
F18	chr2:790312384:A:G	G/G
F20	chr2:790312384:A:G	G/G
F12	chr2:790312384:A:G	G/G
F13	chr2:790312384:A:G	G/A
F10	chr2:790312384:A:G	A/A
F11	chr2:790312384:A:G	G/A
F16	chr2:790312384:A:G	G/G
F17	chr2:790312384:A:G	G/G
F14	chr2:790312384:A:G	A/A
F15	chr2:790312384:A:G	G/A
F1	chr2:917225746:A:G	A/G
F2	chr2:917225746:A:G	A/G
F3	chr2:917225746:A:G	A/G
F4	chr2:917225746:A:G	A/G
F5	chr2:917225746:A:G	A/A
F6	chr2:917225746:A:G	A/G
F7	chr2:917225746:A:G	A/A
F8	chr2:917225746:A:G	A/A
F9	chr2:917225746:A:G	A/G
F23	chr2:917225746:A:G	G/G
F22	chr2:917225746:A:G	./.
F18	chr2:917225746:A:G	G/G
F20	chr2:917225746:A:G	A/G
F12	chr2:917225746:A:G	G/G
F13	chr2:917225746:A:G	A/G
F10	chr2:917225746:A:G	A/G
F11	chr2:917225746:A:G	A/A
F16	chr2:917225746:A:G	G/G
F17	chr2:917225746:A:G	A/G
F14	chr2:917225746:A:G	A/G
F15	chr2:917225746:A:G	A/G
F1	chr2:927834304:C:T	T/T
F2	chr2:927834304:C:T	T/C
F3	chr2:927834304:C:T	T/C
F4	chr2:927834304:C:T	T/C
F5	chr2:927834304:C:T	T/T
F6	chr2:927834304:C:T	T/C
F7	chr2:927834304:C:T	T/C
F8	chr2:927834304:C:T	T/C
F9	chr2:927834304:C:T	T/C
F23	chr2:927834304:C:T	T/C
F22	chr2:927834304:C:T	T/C
F18	chr2:927834304:C:T	T/C
F20	chr2:927834304:C:T	T/C
F12	chr2:927834304:C:T	T/C
F13	chr2:927834304:C:T	C/C
F10	chr2:927834304:C:T	T/C
F11	chr2:927834304:C:T	C/C
F16	chr2:927834304:C:T	T/C
F17	chr2:927834304:C:T	T/T
F14	chr2:927834304:C:T	T/C
F15	chr2:927834304:C:T	T/C
F1	chr2:1000291964:C:T	C/T
F2	chr2:1000291964:C:T	C/T
F3	chr2:1000291964:C:T	C/T
F4	chr2:1000291964:C:T	C/T
F5	chr2:1000291964:C:T	C/T
F6	chr2:1000291964:C:T	C/T
F7	chr2:1000291964:C:T	C/T
F8	chr2:1000291964:C:T	C/T
F9	chr2:1000291964:C:T	T/T
F23	chr2:1000291964:C:T	C/T
F22	chr2:1000291964:C:T	C/T
F18	chr2:1000291964:C:T	C/T
F20	chr2:1000291964:C:T	C/T
F12	chr2:1000291964:C:T	C/T
F13	chr2:1000291964:C:T	C/T
F10	chr2:1000291964:C:T	C/T
F11	chr2:1000291964:C:T	C/T
F16	chr2:1000291964:C:T	C/C
F17	chr2:1000291964:C:T	C/T
F14	chr2:1000291964:C:T	C/C
F15	chr2:1000291964:C:T	C/T
F1	chr2:1009390765:C:T	T/T
F2	chr2:1009390765:C:T	C/C
F3	chr2:1009390765:C:T	C/T
F4	chr2:1009390765:C:T	C/C
F5	chr2:1009390765:C:T	T/T
F6	chr2:1009390765:C:T	T/T
F7	chr2:1009390765:C:T	C/C
F8	chr2:1009390765:C:T	T/T
F9	chr2:1009390765:C:T	C/C
F23	chr2:1009390765:C:T	C/C
F22	chr2:1009390765:C:T	C/C
F18	chr2:1009390765:C:T	C/T
F20	chr2:1009390765:C:T	T/T
F12	chr2:1009390765:C:T	C/C
F13	chr2:1009390765:C:T	C/T
F10	chr2:1009390765:C:T	C/C
F11	chr2:1009390765:C:T	T/T
F16	chr2:1009390765:C:T	T/T
F17	chr2:1009390765:C:T	C/C
F14	chr2:1009390765:C:T	T/T
F15	chr2:1009390765:C:T	C/T
F1	chr2:1050715798:G:T	G/G
F2	chr2:1050715798:G:T	T/T
F3	chr2:1050715798:G:T	G/T
F4	chr2:1050715798:G:T	T/T
F5	chr2:1050715798:G:T	G/G
F6	chr2:1050715798:G:T	T/T
F7	chr2:1050715798:G:T	G/G
F8	chr2:1050715798:G:T	G/T
F9	chr2:1050715798:G:T	G/T
F23	chr2:1050715798:G:T	./.
F22	chr2:1050715798:G:T	G/G
F18	chr2:1050715798:G:T	T/T
F20	chr2:1050715798:G:T	G/T
F12	chr2:1050715798:G:T	T/T
F13	chr2:1050715798:G:T	G/T
F10	chr2:1050715798:G:T	T/T
F11	chr2:1050715798:G:T	G/G
F16	chr2:1050715798:G:T	G/T
F17	chr2:1050715798:G:T	T/T
F14	chr2:1050715798:G:T	G/G
F15	chr2:1050715798:G:T	G/G
F1	chr2:1231126025:C:T	C/T
F2	chr2:1231126025:C:T	C/T
F3	chr2:1231126025:C:T	C/T
F4	chr2:1231126025:C:T	C/T
F5	chr2:1231126025:C:T	T/T
F6	chr2:1231126025:C:T	C/T
F7	chr2:1231126025:C:T	C/T
F8	chr2:1231126025:C:T	C/C
F9	chr2:1231126025:C:T	C/T
F23	chr2:1231126025:C:T	T/T
F22	chr2:1231126025:C:T	C/T
F18	chr2:1231126025:C:T	C/T
F20	chr2:1231126025:C:T	C/T
F12	chr2:1231126025:C:T	C/T
F13	chr2:1231126025:C:T	C/C
F10	chr2:1231126025:C:T	C/T
F11	chr2:1231126025:C:T	T/T
F16	chr2:1231126025:C:T	C/C
F17	chr2:1231126025:C:T	C/T
F14	chr2:1231126025:C:T	./.
F15	chr2:1231126025:C:T	C/T
F1	chr2:1242037233:A:G	A/A
F2	chr2:1242037233:A:G	G/G
F3	chr2:1242037233:A:G	G/A
F4	chr2:1242037233:A:G	./.
F5	chr2:1242037233:A:G	G/G
F6	chr2:1242037233:A:G	A/A
F7	chr2:1242037233:A:G	A/A
F8	chr2:1242037233:A:G	G/A
F9	chr2:1242037233:A:G	G/A
F23	chr2:1242037233:A:G	G/A
F22	chr2:1242037233:A:G	G/A
F18	chr2:1242037233:A:G	G/G
F20	chr2:1242037233:A:G	A/A
F12	chr2:1242037233:A:G	G/G
F13	chr2:1242037233:A:G	G/G
F10	chr2:1242037233:A:G	A/A
F11	chr2:1242037233:A:G	G/A
F16	chr2:1242037233:A:G	G/A
F17	chr2:1242037233:A:G	A/A
F14	chr2:1242037233:A:G	G/A
F15	chr2:1242037233:A:G	G/G
F1	chr2:1372326230:G:T	G/G
F2	chr2:1372326230:G:T	T/T
F3	chr2:1372326230:G:T	G/G
F4	chr2:1372326230:G:T	./.
F5	chr2:1372326230:G:T	G/G
F6	chr2:1372326230:G:T	T/T
F7	chr2:1372326230:G:T	G/G
F8	chr2:1372326230:G:T	T/G
F9	chr2:1372326230:G:T	T/G
F23	chr2:1372326230:G:T	G/G
F22	chr2:1372326230:G:T	T/T
F18	chr2:1372326230:G:T	T/G
F20	chr2:1372326230:G:T	T/T
F12	chr2:1372326230:G:T	T/T
F13	chr2:1372326230:G:T	T/T
F10	chr2:1372326230:G:T	G/G
F11	chr2:1372326230:G:T	G/G
F16	chr2:1372326230:G:T	T/T
F17	chr2:1372326230:G:T	T/T
F14	chr2:1372326230:G:T	G/G
F15	chr2:1372326230:G:T	T/G
F1	chr2:1426119534:A:G	G/G
F2	chr2:1426119534:A:G	A/A
F3	chr2:1426119534:A:G	G/G
F4	chr2:1426119534:A:G	./.
F5	chr2:1426119534:A:G	A/A
F6	chr2:1426119534:A:G	A/A
F7	chr2:1426119534:A:G	G/G
F8	chr2:1426119534:A:G	G/G
F9	chr2:1426119534:A:G	G/A
F23	chr2:1426119534:A:G	G/G
F22	chr2:1426119534:A:G	A/A
F18	chr2:1426119534:A:G	G/A
F20	chr2:1426119534:A:G	A/A
F12	chr2:1426119534:A:G	A/A
F13	chr2:1426119534:A:G	A/A
F10	chr2:1426119534:A:G	G/G
F11	chr2:1426119534:A:G	G/G
F16	chr2:1426119534:A:G	A/A
F17	chr2:1426119534:A:G	A/A
F14	chr2:1426119534:A:G	G/G
F15	chr2:1426119534:A:G	G/G
F1	chr2:1582440579:C:T	./.
F2	chr2:1582440579:C:T	T/T
F3	chr2:1582440579:C:T	T/T
F4	chr2:1582440579:C:T	T/T
F5	chr2:1582440579:C:T	C/C
F6	chr2:1582440579:C:T	C/C
F7	chr2:1582440579:C:T	C/C
F8	chr2:1582440579:C:T	C/C
F9	chr2:1582440579:C:T	T/C
F23	chr2:1582440579:C:T	T/C
F22	chr2:1582440579:C:T	T/T
F18	chr2:1582440579:C:T	T/C
F20	chr2:1582440579:C:T	T/T
F12	chr2:1582440579:C:T	T/T
F13	chr2:1582440579:C:T	T/C
F10	chr2:1582440579:C:T	T/C
F11	chr2:1582440579:C:T	C/C
F16	chr2:1582440579:C:T	T/T
F17	chr2:1582440579:C:T	C/C
F14	chr2:1582440579:C:T	C/C
F15	chr2:1582440579:C:T	T/C
F1	chr2:1679602102:C:T	T/T
F2	chr2:1679602102:C:T	T/T
F3	chr2:1679602102:C:T	T/T
F4	chr2:1679602102:C:T	./.
F5	chr2:1679602102:C:T	C/C
F6	chr2:1679602102:C:T	C/T
F7	chr2:1679602102:C:T	C/C
F8	chr2:1679602102:C:T	C/C
F9	chr2:1679602102:C:T	T/T
F23	chr2:1679602102:C:T	T/T
F22	chr2:1679602102:C:T	C/C
F18	chr2:1679602102:C:T	C/T
F20	chr2:1679602102:C:T	C/C
F12	chr2:1679602102:C:T	T/T
F13	chr2:1679602102:C:T	C/T
F10	chr2:1679602102:C:T	C/T
F11	chr2:1679602102:C:T	C/C
F16	chr2:1679602102:C:T	C/C
F17	chr2:1679602102:C:T	C/C
F14	chr2:1679602102:C:T	T/T
F15	chr2:1679602102:C:T	T/T
F1	chr2:1685349411:C:T	T/C
F2	chr2:1685349411:C:T	T/C
F3	chr2:1685349411:C:T	T/C
F4	chr2:1685349411:C:T	T/C
F5	chr2:1685349411:C:T	T/C
F6	chr2:1685349411:C:T	T/C
F7	chr2:1685349411:C:T	T/C
F8	chr2:1685349411:C:T	T/C
F9	chr2:1685349411:C:T	T/T
F23	chr2:1685349411:C:T	T/C
F22	chr2:1685349411:C:T	T/C
F18	chr2:1685349411:C:T	C/C
F20	chr2:1685349411:C:T	T/C
F12	chr2:1685349411:C:T	T/C
F13	chr2:1685349411:C:T	T/C
F10	chr2:1685349411:C:T	T/C
F11	chr2:1685349411:C:T	T/C
F16	chr2:1685349411:C:T	T/C
F17	chr2:1685349411:C:T	C/C
F14	chr2:1685349411:C:T	T/T
F15	chr2:1685349411:C:T	T/C
F1	chr3:25490081:C:T	T/C
F2	chr3:25490081:C:T	T/T
F3	chr3:25490081:C:T	T/C
F4	chr3:25490081:C:T	T/T
F5	chr3:25490081:C:T	T/C
F6	chr3:25490081:C:T	T/C
F7	chr3:25490081:C:T	C/C
F8	chr3:25490081:C:T	T/C
F9	chr3:25490081:C:T	T/C
F23	chr3:25490081:C:T	T/C
F22	chr3:25490081:C:T	T/C
F18	chr3:25490081:C:T	T/C
F20	chr3:25490081:C:T	C/C
F12	chr3:25490081:C:T	T/C
F13	chr3:25490081:C:T	T/C
F10	chr3:25490081:C:T	T/C
F11	chr3:25490081:C:T	C/C
F16	chr3:25490081:C:T	T/T
F17	chr3:25490081:C:T	T/C
F14	chr3:25490081:C:T	T/C
F15	chr3:25490081:C:T	T/C
F1	chr3:84140580:C:T	T/T
F2	chr3:84140580:C:T	C/C
F3	chr3:84140580:C:T	T/T
F4	chr3:84140580:C:T	C/C
F5	chr3:84140580:C:T	C/C
F6	chr3:84140580:C:T	C/T
F7	chr3:84140580:C:T	C/T
F8	chr3:84140580:C:T	T/T
F9	chr3:84140580:C:T	C/C
F23	chr3:84140580:C:T	T/T
F22	chr3:84140580:C:T	./.
F18	chr3:84140580:C:T	T/T
F20	chr3:84140580:C:T	T/T
F12	chr3:84140580:C:T	C/C
F13	chr3:84140580:C:T	C/T
F10	chr3:84140580:C:T	T/T
F11	chr3:84140580:C:T	C/C
F16	chr3:84140580:C:T	C/C
F17	chr3:84140580:C:T	C/C
F14	chr3:84140580:C:T	T/T
F15	chr3:84140580:C:T	C/T
F1	chr3:106823902:A:G	G/G
F2	chr3:106823902:A:G	A/A
F3	chr3:106823902:A:G	G/G
F4	chr3:106823902:A:G	A/A
F5	chr3:106823902:A:G	G/G
F6	chr3:106823902:A:G	G/G
F7	chr3:106823902:A:G	G/A
F8	chr3:106823902:A:G	G/G
F9	chr3:106823902:A:G	G/G
F23	chr3:106823902:A:G	./.
F22	chr3:106823902:A:G	A/A
F18	chr3:106823902:A:G	A/A
F20	chr3:106823902:A:G	A/A
F12	chr3:106823902:A:G	A/A
F13	chr3:106823902:A:G	A/A
F10	chr3:106823902:A:G	A/A
F11	chr3:106823902:A:G	G/A
F16	chr3:106823902:A:G	A/A
F17	chr3:106823902:A:G	G/G
F14	chr3:106823902:A:G	G/G
F15	chr3:106823902:A:G	G/G
F1	chr3:118430153:C:T	T/C
F2	chr3:118430153:C:T	T/C
F3	chr3:118430153:C:T	T/C
F4	chr3:118430153:C:T	T/C
F5	chr3:118430153:C:T	T/C
F6	chr3:118430153:C:T	T/C
F7	chr3:118430153:C:T	T/C
F8	chr3:118430153:C:T	T/C
F9	chr3:118430153:C:T	T/C
F23	chr3:118430153:C:T	T/T
F22	chr3:118430153:C:T	T/C
F18	chr3:118430153:C:T	T/C
F20	chr3:118430153:C:T	T/C
F12	chr3:118430153:C:T	T/C
F13	chr3:118430153:C:T	T/C
F10	chr3:118430153:C:T	T/C
F11	chr3:118430153:C:T	T/C
F16	chr3:118430153:C:T	T/C
F17	chr3:118430153:C:T	./.
F14	chr3:118430153:C:T	T/C
F15	chr3:118430153:C:T	T/C
F1	chr3:118869325:A:G	G/A
F2	chr3:118869325:A:G	G/A
F3	chr3:118869325:A:G	G/A
F4	chr3:118869325:A:G	G/A
F5	chr3:118869325:A:G	G/A
F6	chr3:118869325:A:G	G/A
F7	chr3:118869325:A:G	G/A
F8	chr3:118869325:A:G	G/A
F9	chr3:118869325:A:G	G/G
F23	chr3:118869325:A:G	G/A
F22	chr3:118869325:A:G	./.
F18	chr3:118869325:A:G	G/A
F20	chr3:118869325:A:G	G/A
F12	chr3:118869325:A:G	G/A
F13	chr3:118869325:A:G	G/A
F10	chr3:118869325:A:G	G/A
F11	chr3:118869325:A:G	G/A
F16	chr3:118869325:A:G	G/A
F17	chr3:118869325:A:G	G/A
F14	chr3:118869325:A:G	G/A
F15	chr3:118869325:A:G	G/A
F1	chr3:505519994:A:C	A/C
F2	chr3:505519994:A:C	C/C
F3	chr3:505519994:A:C	A/C
F4	chr3:505519994:A:C	./.
F5	chr3:505519994:A:C	A/A
F6	chr3:505519994:A:C	A/A
F7	chr3:505519994:A:C	A/A
F8	chr3:505519994:A:C	C/C
F9	chr3:505519994:A:C	A/A
F23	chr3:505519994:A:C	A/A
F22	chr3:505519994:A:C	C/C
F18	chr3:505519994:A:C	C/C
F20	chr3:505519994:A:C	C/C
F12	chr3:505519994:A:C	A/A
F13	chr3:505519994:A:C	A/C
F10	chr3:505519994:A:C	C/C
F11	chr3:505519994:A:C	A/A
F16	chr3:505519994:A:C	C/C
F17	chr3:505519994:A:C	C/C
F14	chr3:505519994:A:C	A/A
F15	chr3:505519994:A:C	A/C
F1	chr3:572466023:A:G	G/G
F2	chr3:572466023:A:G	A/A
F3	chr3:572466023:A:G	A/A
F4	chr3:572466023:A:G	./.
F5	chr3:572466023:A:G	A/A
F6	chr3:572466023:A:G	A/G
F7	chr3:572466023:A:G	A/A
F8	chr3:572466023:A:G	G/G
F9	chr3:572466023:A:G	A/A
F23	chr3:572466023:A:G	G/G
F22	chr3:572466023:A:G	G/G
F18	chr3:572466023:A:G	G/G
F20	chr3:572466023:A:G	G/G
F12	chr3:572466023:A:G	G/G
F13	chr3:572466023:A:G	A/G
F10	chr3:572466023:A:G	A/A
F11	chr3:572466023:A:G	A/G
F16	chr3:572466023:A:G	G/G
F17	chr3:572466023:A:G	A/A
F14	chr3:572466023:A:G	A/A
F15	chr3:572466023:A:G	A/G
F1	chr3:601621515:A:G	A/A
F2	chr3:601621515:A:G	G/G
F3	chr3:601621515:A:G	G/G
F4	chr3:601621515:A:G	G/G
F5	chr3:601621515:A:G	A/A
F6	chr3:601621515:A:G	A/G
F7	chr3:601621515:A:G	A/A
F8	chr3:601621515:A:G	A/G
F9	chr3:601621515:A:G	A/G
F23	chr3:601621515:A:G	G/G
F22	chr3:601621515:A:G	G/G
F18	chr3:601621515:A:G	A/G
F20	chr3:601621515:A:G	A/A
F12	chr3:601621515:A:G	G/G
F13	chr3:601621515:A:G	A/A
F10	chr3:601621515:A:G	G/G
F11	chr3:601621515:A:G	A/A
F16	chr3:601621515:A:G	./.
F17	chr3:601621515:A:G	A/A
F14	chr3:601621515:A:G	A/G
F15	chr3:601621515:A:G	A/G
F1	chr3:640139594:C:T	C/T
F2	chr3:640139594:C:T	C/T
F3	chr3:640139594:C:T	C/C
F4	chr3:640139594:C:T	C/T
F5	chr3:640139594:C:T	C/C
F6	chr3:640139594:C:T	C/C
F7	chr3:640139594:C:T	C/T
F8	chr3:640139594:C:T	T/T
F9	chr3:640139594:C:T	T/T
F23	chr3:640139594:C:T	C/C
F22	chr3:640139594:C:T	C/C
F18	chr3:640139594:C:T	T/T
F20	chr3:640139594:C:T	C/C
F12	chr3:640139594:C:T	C/T
F13	chr3:640139594:C:T	T/T
F10	chr3:640139594:C:T	T/T
F11	chr3:640139594:C:T	C/T
F16	chr3:640139594:C:T	C/T
F17	chr3:640139594:C:T	T/T
F14	chr3:640139594:C:T	C/C
F15	chr3:640139594:C:T	T/T
F1	chr3:669770720:C:T	C/T
F2	chr3:669770720:C:T	C/T
F3	chr3:669770720:C:T	C/T
F4	chr3:669770720:C:T	C/T
F5	chr3:669770720:C:T	C/T
F6	chr3:669770720:C:T	C/T
F7	chr3:669770720:C:T	C/T
F8	chr3:669770720:C:T	C/T
F9	chr3:669770720:C:T	C/T
F23	chr3:669770720:C:T	C/T
F22	chr3:669770720:C:T	C/T
F18	chr3:669770720:C:T	C/T
F20	chr3:669770720:C:T	C/T
F12	chr3:669770720:C:T	C/T
F13	chr3:669770720:C:T	C/C
F10	chr3:669770720:C:T	C/T
F11	chr3:669770720:C:T	C/T
F16	chr3:669770720:C:T	C/T
F17	chr3:669770720:C:T	C/T
F14	chr3:669770720:C:T	C/T
F15	chr3:669770720:C:T	C/T
F1	chr3:688233880:C:T	C/C
F2	chr3:688233880:C:T	C/C
F3	chr3:688233880:C:T	T/T
F4	chr3:688233880:C:T	C/C
F5	chr3:688233880:C:T	C/T
F6	chr3:688233880:C:T	C/T
F7	chr3:688233880:C:T	T/T
F8	chr3:688233880:C:T	C/C
F9	chr3:688233880:C:T	C/T
F23	chr3:688233880:C:T	T/T
F22	chr3:688233880:C:T	C/T
F18	chr3:688233880:C:T	C/C
F20	chr3:688233880:C:T	C/C
F12	chr3:688233880:C:T	T/T
F13	chr3:688233880:C:T	C/T
F10	chr3:688233880:C:T	C/C
F11	chr3:688233880:C:T	T/T
F16	chr3:688233880:C:T	C/C
F17	chr3:688233880:C:T	T/T
F14	chr3:688233880:C:T	T/T
F15	chr3:688233880:C:T	T/T
F1	chr3:709799367:A:C	./.
F2	chr3:709799367:A:C	A/C
F3	chr3:709799367:A:C	A/C
F4	chr3:709799367:A:C	A/C
F5	chr3:709799367:A:C	A/C
F6	chr3:709799367:A:C	A/C
F7	chr3:709799367:A:C	C/C
F8	chr3:709799367:A:C	A/C
F9	chr3:709799367:A:C	A/C
F23	chr3:709799367:A:C	A/C
F22	chr3:709799367:A:C	A/C
F18	chr3:709799367:A:C	A/C
F20	chr3:709799367:A:C	A/C
F12	chr3:709799367:A:C	A/C
F13	chr3:709799367:A:C	A/C
F10	chr3:709799367:A:C	A/C
F11	chr3:709799367:A:C	A/C
F16	chr3:709799367:A:C	A/C
F17	chr3:709799367:A:C	A/C
F14	chr3:709799367:A:C	A/A
F15	chr3:709799367:A:C	A/C
F1	chr3:782698170:A:C	C/C
F2	chr3:782698170:A:C	C/C
F3	chr3:782698170:A:C	C/A
F4	chr3:782698170:A:C	C/C
F5	chr3:782698170:A:C	A/A
F6	chr3:782698170:A:C	C/A
F7	chr3:782698170:A:C	A/A
F8	chr3:782698170:A:C	C/A
F9	chr3:782698170:A:C	A/A
F23	chr3:782698170:A:C	C/A
F22	chr3:782698170:A:C	C/C
F18	chr3:782698170:A:C	A/A
F20	chr3:782698170:A:C	A/A
F12	chr3:782698170:A:C	C/C
F13	chr3:782698170:A:C	C/A
F10	chr3:782698170:A:C	C/A
F11	chr3:782698170:A:C	C/A
F16	chr3:782698170:A:C	A/A
F17	chr3:782698170:A:C	C/C
F14	chr3:782698170:A:C	C/C
F15	chr3:782698170:A:C	C/A
F1	chr3:930781725:C:T	C/C
F2	chr3:930781725:C:T	T/T
F3	chr3:930781725:C:T	C/C
F4	chr3:930781725:C:T	T/T
F5	chr3:930781725:C:T	C/T
F6	chr3:930781725:C:T	C/C
F7	chr3:930781725:C:T	T/T
F8	chr3:930781725:C:T	C/C
F9	chr3:930781725:C:T	C/T
F23	chr3:930781725:C:T	T/T
F22	chr3:930781725:C:T	./.
F18	chr3:930781725:C:T	C/C
F20	chr3:930781725:C:T	T/T
F12	chr3:930781725:C:T	C/C
F13	chr3:930781725:C:T	C/C
F10	chr3:930781725:C:T	T/T
F11	chr3:930781725:C:T	C/T
F16	chr3:930781725:C:T	C/C
F17	chr3:930781725:C:T	T/T
F14	chr3:930781725:C:T	T/T
F15	chr3:930781725:C:T	C/T
F1	chr3:954630350:G:T	T/T
F2	chr3:954630350:G:T	G/G
F3	chr3:954630350:G:T	G/G
F4	chr3:954630350:G:T	G/G
F5	chr3:954630350:G:T	T/T
F6	chr3:954630350:G:T	G/G
F7	chr3:954630350:G:T	T/T
F8	chr3:954630350:G:T	G/G
F9	chr3:954630350:G:T	G/T
F23	chr3:954630350:G:T	G/G
F22	chr3:954630350:G:T	G/G
F18	chr3:954630350:G:T	T/T
F20	chr3:954630350:G:T	T/T
F12	chr3:954630350:G:T	G/G
F13	chr3:954630350:G:T	G/T
F10	chr3:954630350:G:T	T/T
F11	chr3:954630350:G:T	T/T
F16	chr3:954630350:G:T	G/G
F17	chr3:954630350:G:T	T/T
F14	chr3:954630350:G:T	T/T
F15	chr3:954630350:G:T	G/G
F1	chr3:1116829773:A:G	A/A
F2	chr3:1116829773:A:G	A/A
F3	chr3:1116829773:A:G	A/A
F4	chr3:1116829773:A:G	A/A
F5	chr3:1116829773:A:G	G/G
F6	chr3:1116829773:A:G	G/G
F7	chr3:1116829773:A:G	G/G
F8	chr3:1116829773:A:G	G/G
F9	chr3:1116829773:A:G	G/A
F23	chr3:1116829773:A:G	G/G
F22	chr3:1116829773:A:G	./.
F18	chr3:1116829773:A:G	G/G
F20	chr3:1116829773:A:G	A/A
F12	chr3:1116829773:A:G	A/A
F13	chr3:1116829773:A:G	G/A
F10	chr3:1116829773:A:G	A/A
F11	chr3:1116829773:A:G	G/G
F16	chr3:1116829773:A:G	G/A
F17	chr3:1116829773:A:G	A/A
F14	chr3:1116829773:A:G	G/G
F15	chr3:1116829773:A:G	G/A
F1	chr3:1156911232:A:G	A/G
F2	chr3:1156911232:A:G	A/G
F3	chr3:1156911232:A:G	A/G
F4	chr3:1156911232:A:G	A/G
F5	chr3:1156911232:A:G	A/G
F6	chr3:1156911232:A:G	A/G
F7	chr3:1156911232:A:G	A/G
F8	chr3:1156911232:A:G	A/G
F9	chr3:1156911232:A:G	A/G
F23	chr3:1156911232:A:G	A/A
F22	chr3:1156911232:A:G	./.
F18	chr3:1156911232:A:G	A/G
F20	chr3:1156911232:A:G	G/G
F12	chr3:1156911232:A:G	A/G
F13	chr3:1156911232:A:G	A/G
F10	chr3:1156911232:A:G	A/G
F11	chr3:1156911232:A:G	A/G
F16	chr3:1156911232:A:G	A/G
F17	chr3:1156911232:A:G	A/G
F14	chr3:1156911232:A:G	A/G
F15	chr3:1156911232:A:G	A/G
F1	chr3:1430897534:A:C	A/A
F2	chr3:1430897534:A:C	C/C
F3	chr3:1430897534:A:C	C/A
F4	chr3:1430897534:A:C	C/C
F5	chr3:1430897534:A:C	C/A
F6	chr3:1430897534:A:C	A/A
F7	chr3:1430897534:A:C	A/A
F8	chr3:1430897534:A:C	C/A
F9	chr3:1430897534:A:C	C/C
F23	chr3:1430897534:A:C	C/A
F22	chr3:1430897534:A:C	./.
F18	chr3:1430897534:A:C	C/A
F20	chr3:1430897534:A:C	A/A
F12	chr3:1430897534:A:C	A/A
F13	chr3:1430897534:A:C	C/A
F10	chr3:1430897534:A:C	C/C
F11	chr3:1430897534:A:C	A/A
F16	chr3:1430897534:A:C	A/A
F17	chr3:1430897534:A:C	C/C
F14	chr3:1430897534:A:C	C/C
F15	chr3:1430897534:A:C	C/C
F1	chr4:35683435:C:T	T/T
F2	chr4:35683435:C:T	T/T
F3	chr4:35683435:C:T	T/C
F4	chr4:35683435:C:T	T/T
F5	chr4:35683435:C:T	T/T
F6	chr4:35683435:C:T	C/C
F7	chr4:35683435:C:T	T/T
F8	chr4:35683435:C:T	C/C
F9	chr4:35683435:C:T	T/C
F23	chr4:35683435:C:T	T/T
F22	chr4:35683435:C:T	./.
F18	chr4:35683435:C:T	C/C
F20	chr4:35683435:C:T	C/C
F12	chr4:35683435:C:T	T/T
F13	chr4:35683435:C:T	T/C
F10	chr4:35683435:C:T	T/C
F11	chr4:35683435:C:T	T/C
F16	chr4:35683435:C:T	C/C
F17	chr4:35683435:C:T	C/C
F14	chr4:35683435:C:T	C/C
F15	chr4:35683435:C:T	T/C
F1	chr4:76012408:A:G	G/A
F2	chr4:76012408:A:G	G/A
F3	chr4:76012408:A:G	G/G
F4	chr4:76012408:A:G	G/A
F5	chr4:76012408:A:G	G/G
F6	chr4:76012408:A:G	G/A
F7	chr4:76012408:A:G	A/A
F8	chr4:76012408:A:G	A/A
F9	chr4:76012408:A:G	G/A
F23	chr4:76012408:A:G	./.
F22	chr4:76012408:A:G	G/A
F18	chr4:76012408:A:G	G/A
F20	chr4:76012408:A:G	G/A
F12	chr4:76012408:A:G	G/A
F13	chr4:76012408:A:G	G/A
F10	chr4:76012408:A:G	A/A
F11	chr4:76012408:A:G	G/G
F16	chr4:76012408:A:G	G/A
F17	chr4:76012408:A:G	G/A
F14	chr4:76012408:A:G	A/A
F15	chr4:76012408:A:G	G/G
F1	chr4:282650191:C:T	C/C
F2	chr4:282650191:C:T	T/T
F3	chr4:282650191:C:T	C/T
F4	chr4:282650191:C:T	C/C
F5	chr4:282650191:C:T	T/T
F6	chr4:282650191:C:T	C/C
F7	chr4:282650191:C:T	C/C
F8	chr4:282650191:C:T	C/C
F9	chr4:282650191:C:T	T/T
F23	chr4:282650191:C:T	T/T
F22	chr4:282650191:C:T	C/C
F18	chr4:282650191:C:T	T/T
F20	chr4:282650191:C:T	T/T
F12	chr4:282650191:C:T	C/T
F13	chr4:282650191:C:T	C/T
F10	chr4:282650191:C:T	T/T
F11	chr4:282650191:C:T	C/C
F16	chr4:282650191:C:T	C/C
F17	chr4:282650191:C:T	C/C
F14	chr4:282650191:C:T	T/T
F15	chr4:282650191:C:T	C/T
F1	chr4:369428679:C:T	T/T
F2	chr4:369428679:C:T	T/T
F3	chr4:369428679:C:T	C/T
F4	chr4:369428679:C:T	T/T
F5	chr4:369428679:C:T	C/T
F6	chr4:369428679:C:T	T/T
F7	chr4:369428679:C:T	C/C
F8	chr4:369428679:C:T	C/T
F9	chr4:369428679:C:T	C/C
F23	chr4:369428679:C:T	C/C
F22	chr4:369428679:C:T	C/T
F18	chr4:369428679:C:T	T/T
F20	chr4:369428679:C:T	T/T
F12	chr4:369428679:C:T	C/C
F13	chr4:369428679:C:T	C/T
F10	chr4:369428679:C:T	C/C
F11	chr4:369428679:C:T	C/C
F16	chr4:369428679:C:T	C/C
F17	chr4:369428679:C:T	./.
F14	chr4:369428679:C:T	T/T
F15	chr4:369428679:C:T	C/T
F1	chr4:399495780:A:C	A/A
F2	chr4:399495780:A:C	A/A
F3	chr4:399495780:A:C	A/C
F4	chr4:399495780:A:C	A/A
F5	chr4:399495780:A:C	A/C
F6	chr4:399495780:A:C	A/C
F7	chr4:399495780:A:C	A/A
F8	chr4:399495780:A:C	C/C
F9	chr4:399495780:A:C	C/C
F23	chr4:399495780:A:C	C/C
F22	chr4:399495780:A:C	C/C
F18	chr4:399495780:A:C	A/A
F20	chr4:399495780:A:C	A/A
F12	chr4:399495780:A:C	C/C
F13	chr4:399495780:A:C	C/C
F10	chr4:399495780:A:C	C/C
F11	chr4:399495780:A:C	C/C
F16	chr4:399495780:A:C	A/A
F17	chr4:399495780:A:C	A/A
F14	chr4:399495780:A:C	A/A
F15	chr4:399495780:A:C	A/C
F1	chr4:519073352:A:C	A/A
F2	chr4:519073352:A:C	C/C
F3	chr4:519073352:A:C	A/A
F4	chr4:519073352:A:C	C/C
F5	chr4:519073352:A:C	A/A
F6	chr4:519073352:A:C	A/A
F7	chr4:519073352:A:C	C/C
F8	chr4:519073352:A:C	C/A
F9	chr4:519073352:A:C	C/C
F23	chr4:519073352:A:C	A/A
F22	chr4:519073352:A:C	A/A
F18	chr4:519073352:A:C	C/A
F20	chr4:519073352:A:C	C/C
F12	chr4:519073352:A:C	A/A
F13	chr4:519073352:A:C	C/A
F10	chr4:519073352:A:C	C/A
F11	chr4:519073352:A:C	A/A
F16	chr4:519073352:A:C	C/C
F17	chr4:519073352:A:C	C/C
F14	chr4:519073352:A:C	C/C
F15	chr4:519073352:A:C	C/A
F1	chr4:562908069:C:G	./.
F2	chr4:562908069:C:G	C/C
F3	chr4:562908069:C:G	G/G
F4	chr4:562908069:C:G	C/C
F5	chr4:562908069:C:G	G/C
F6	chr4:562908069:C:G	C/C
F7	chr4:562908069:C:G	G/G
F8	chr4:562908069:C:G	G/C
F9	chr4:562908069:C:G	G/G
F23	chr4:562908069:C:G	C/C
F22	chr4:562908069:C:G	C/C
F18	chr4:562908069:C:G	G/G
F20	chr4:562908069:C:G	G/G
F12	chr4:562908069:C:G	G/G
F13	chr4:562908069:C:G	G/G
F10	chr4:562908069:C:G	G/C
F11	chr4:562908069:C:G	C/C
F16	chr4:562908069:C:G	G/G
F17	chr4:562908069:C:G	C/C
F14	chr4:562908069:C:G	C/C
F15	chr4:562908069:C:G	G/C
F1	chr4:583715748:C:T	T/T
F2	chr4:583715748:C:T	C/C
F3	chr4:583715748:C:T	T/T
F4	chr4:583715748:C:T	./.
F5	chr4:583715748:C:T	C/T
F6	chr4:583715748:C:T	C/T
F7	chr4:583715748:C:T	C/C
F8	chr4:583715748:C:T	C/T
F9	chr4:583715748:C:T	C/T
F23	chr4:583715748:C:T	C/C
F22	chr4:583715748:C:T	C/C
F18	chr4:583715748:C:T	C/T
F20	chr4:583715748:C:T	C/C
F12	chr4:583715748:C:T	C/C
F13	chr4:583715748:C:T	C/T
F10	chr4:583715748:C:T	T/T
F11	chr4:583715748:C:T	T/T
F16	chr4:583715748:C:T	T/T
F17	chr4:583715748:C:T	T/T
F14	chr4:583715748:C:T	C/C
F15	chr4:583715748:C:T	T/T
F1	chr4:671146674:A:G	A/A
F2	chr4:671146674:A:G	G/G
F3	chr4:671146674:A:G	A/A
F4	chr4:671146674:A:G	G/G
F5	chr4:671146674:A:G	G/G
F6	chr4:671146674:A:G	G/A
F7	chr4:671146674:A:G	A/A
F8	chr4:671146674:A:G	G/A
F9	chr4:671146674:A:G	G/G
F23	chr4:671146674:A:G	A/A
F22	chr4:671146674:A:G	./.
F18	chr4:671146674:A:G	A/A
F20	chr4:671146674:A:G	G/G
F12	chr4:671146674:A:G	A/A
F13	chr4:671146674:A:G	A/A
F10	chr4:671146674:A:G	G/A
F11	chr4:671146674:A:G	G/G
F16	chr4:671146674:A:G	G/G
F17	chr4:671146674:A:G	A/A
F14	chr4:671146674:A:G	G/G
F15	chr4:671146674:A:G	G/A
F1	chr4:707310010:G:T	G/G
F2	chr4:707310010:G:T	T/T
F3	chr4:707310010:G:T	G/G
F4	chr4:707310010:G:T	T/T
F5	chr4:707310010:G:T	G/T
F6	chr4:707310010:G:T	T/T
F7	chr4:707310010:G:T	G/G
F8	chr4:707310010:G:T	G/T
F9	chr4:707310010:G:T	T/T
F23	chr4:707310010:G:T	./.
F22	chr4:707310010:G:T	T/T
F18	chr4:707310010:G:T	G/G
F20	chr4:707310010:G:T	G/G
F12	chr4:707310010:G:T	G/G
F13	chr4:707310010:G:T	G/G
F10	chr4:707310010:G:T	G/T
F11	chr4:707310010:G:T	T/T
F16	chr4:707310010:G:T	T/T
F17	chr4:707310010:G:T	G/G
F14	chr4:707310010:G:T	T/T
F15	chr4:707310010:G:T	G/T
F1	chr4:726098565:C:T	C/T
F2	chr4:726098565:C:T	C/T
F3	chr4:726098565:C:T	C/T
F4	chr4:726098565:C:T	C/T
F5	chr4:726098565:C:T	T/T
F6	chr4:726098565:C:T	C/T
F7	chr4:726098565:C:T	C/T
F8	chr4:726098565:C:T	C/T
F9	chr4:726098565:C:T	C/T
F23	chr4:726098565:C:T	C/C
F22	chr4:726098565:C:T	C/C
F18	chr4:726098565:C:T	C/T
F20	chr4:726098565:C:T	C/T
F12	chr4:726098565:C:T	T/T
F13	chr4:726098565:C:T	T/T
F10	chr4:726098565:C:T	C/C
F11	chr4:726098565:C:T	C/T
F16	chr4:726098565:C:T	C/T
F17	chr4:726098565:C:T	C/T
F14	chr4:726098565:C:T	C/T
F15	chr4:726098565:C:T	C/C
F1	chr4:766520376:A:G	G/A
F2	chr4:766520376:A:G	A/A
F3	chr4:766520376:A:G	G/A
F4	chr4:766520376:A:G	G/A
F5	chr4:766520376:A:G	G/A
F6	chr4:766520376:A:G	G/A
F7	chr4:766520376:A:G	G/A
F8	chr4:766520376:A:G	G/A
F9	chr4:766520376:A:G	G/A
F23	chr4:766520376:A:G	G/G
F22	chr4:766520376:A:G	G/A
F18	chr4:766520376:A:G	G/A
F20	chr4:766520376:A:G	./.
F12	chr4:766520376:A:G	G/A
F13	chr4:766520376:A:G	G/A
F10	chr4:766520376:A:G	A/A
F11	chr4:766520376:A:G	G/G
F16	chr4:766520376:A:G	G/A
F17	chr4:766520376:A:G	G/A
F14	chr4:766520376:A:G	G/A
F15	chr4:766520376:A:G	G/A
F1	chr4:904655316:C:T	T/T
F2	chr4:904655316:C:T	C/T
F3	chr4:904655316:C:T	T/T
F4	chr4:904655316:C:T	C/C
F5	chr4:904655316:C:T	C/C
F6	chr4:904655316:C:T	./.
F7	chr4:904655316:C:T	T/T
F8	chr4:904655316:C:T	C/T
F9	chr4:904655316:C:T	C/C
F23	chr4:904655316:C:T	C/T
F22	chr4:904655316:C:T	C/T
F18	chr4:904655316:C:T	C/C
F20	chr4:904655316:C:T	T/T
F12	chr4:904655316:C:T	T/T
F13	chr4:904655316:C:T	T/T
F10	chr4:904655316:C:T	C/C
F11	chr4:904655316:C:T	C/C
F16	chr4:904655316:C:T	T/T
F17	chr4:904655316:C:T	C/T
F14	chr4:904655316:C:T	C/C
F15	chr4:904655316:C:T	C/T
F1	chr4:1004820079:A:C	A/A
F2	chr4:1004820079:A:C	A/A
F3	chr4:1004820079:A:C	C/C
F4	chr4:1004820079:A:C	A/A
F5	chr4:1004820079:A:C	A/C
F6	chr4:1004820079:A:C	C/C
F7	chr4:1004820079:A:C	A/A
F8	chr4:1004820079:A:C	A/A
F9	chr4:1004820079:A:C	A/C
F23	chr4:1004820079:A:C	C/C
F22	chr4:1004820079:A:C	C/C
F18	chr4:1004820079:A:C	C/C
F20	chr4:1004820079:A:C	A/A
F12	chr4:1004820079:A:C	A/C
F13	chr4:1004820079:A:C	A/C
F10	chr4:1004820079:A:C	A/A
F11	chr4:1004820079:A:C	A/C
F16	chr4:1004820079:A:C	C/C
F17	chr4:1004820079:A:C	A/A
F14	chr4:1004820079:A:C	C/C
F15	chr4:1004820079:A:C	A/C
F1	chr4:1069901431:A:G	G/G
F2	chr4:1069901431:A:G	A/G
F3	chr4:1069901431:A:G	A/G
F4	chr4:1069901431:A:G	G/G
F5	chr4:1069901431:A:G	A/G
F6	chr4:1069901431:A:G	A/G
F7	chr4:1069901431:A:G	A/G
F8	chr4:1069901431:A:G	A/G
F9	chr4:1069901431:A:G	A/G
F23	chr4:1069901431:A:G	G/G
F22	chr4:1069901431:A:G	A/A
F18	chr4:1069901431:A:G	A/G
F20	chr4:1069901431:A:G	A/G
F12	chr4:1069901431:A:G	A/A
F13	chr4:1069901431:A:G	A/A
F10	chr4:1069901431:A:G	A/G
F11	chr4:1069901431:A:G	A/G
F16	chr4:1069901431:A:G	A/G
F17	chr4:1069901431:A:G	A/G
F14	chr4:1069901431:A:G	A/G
F15	chr4:1069901431:A:G	A/G
F1	chr4:1225735889:C:T	C/T
F2	chr4:1225735889:C:T	C/T
F3	chr4:1225735889:C:T	C/T
F4	chr4:1225735889:C:T	C/T
F5	chr4:1225735889:C:T	C/T
F6	chr4:1225735889:C:T	C/T
F7	chr4:1225735889:C:T	C/T
F8	chr4:1225735889:C:T	C/T
F9	chr4:1225735889:C:T	C/C
F23	chr4:1225735889:C:T	T/T
F22	chr4:1225735889:C:T	./.
F18	chr4:1225735889:C:T	C/T
F20	chr4:1225735889:C:T	C/C
F12	chr4:1225735889:C:T	C/T
F13	chr4:1225735889:C:T	C/T
F10	chr4:1225735889:C:T	C/T
F11	chr4:1225735889:C:T	C/T
F16	chr4:1225735889:C:T	C/C
F17	chr4:1225735889:C:T	T/T
F14	chr4:1225735889:C:T	C/T
F15	chr4:1225735889:C:T	C/T
F1	chr4:1248330187:A:G	A/G
F2	chr4:1248330187:A:G	G/G
F3	chr4:1248330187:A:G	A/A
F4	chr4:1248330187:A:G	G/G
F5	chr4:1248330187:A:G	A/G
F6	chr4:1248330187:A:G	A/A
F7	chr4:1248330187:A:G	A/G
F8	chr4:1248330187:A:G	A/G
F9	chr4:1248330187:A:G	G/G
F23	chr4:1248330187:A:G	G/G
F22	chr4:1248330187:A:G	G/G
F18	chr4:1248330187:A:G	A/G
F20	chr4:1248330187:A:G	A/A
F12	chr4:1248330187:A:G	A/A
F13	chr4:1248330187:A:G	A/A
F10	chr4:1248330187:A:G	A/G
F11	chr4:1248330187:A:G	A/G
F16	chr4:1248330187:A:G	A/G
F17	chr4:1248330187:A:G	A/A
F14	chr4:1248330187:A:G	./.
F15	chr4:1248330187:A:G	A/G
F1	chr4:1255335465:C:T	C/C
F2	chr4:1255335465:C:T	C/T
F3	chr4:1255335465:C:T	C/T
F4	chr4:1255335465:C:T	T/T
F5	chr4:1255335465:C:T	C/T
F6	chr4:1255335465:C:T	C/T
F7	chr4:1255335465:C:T	C/T
F8	chr4:1255335465:C:T	C/T
F9	chr4:1255335465:C:T	C/T
F23	chr4:1255335465:C:T	C/C
F22	chr4:1255335465:C:T	./.
F18	chr4:1255335465:C:T	T/T
F20	chr4:1255335465:C:T	C/T
F12	chr4:1255335465:C:T	C/T
F13	chr4:1255335465:C:T	C/T
F10	chr4:1255335465:C:T	C/T
F11	chr4:1255335465:C:T	C/T
F16	chr4:1255335465:C:T	C/C
F17	chr4:1255335465:C:T	C/T
F14	chr4:1255335465:C:T	C/T
F15	chr4:1255335465:C:T	C/T
F1	chr4:1260448718:C:T	T/C
F2	chr4:1260448718:C:T	T/C
F3	chr4:1260448718:C:T	T/C
F4	chr4:1260448718:C:T	T/T
F5	chr4:1260448718:C:T	T/C
F6	chr4:1260448718:C:T	T/C
F7	chr4:1260448718:C:T	T/C
F8	chr4:1260448718:C:T	T/C
F9	chr4:1260448718:C:T	T/C
F23	chr4:1260448718:C:T	T/C
F22	chr4:1260448718:C:T	T/C
F18	chr4:1260448718:C:T	T/C
F20	chr4:1260448718:C:T	C/C
F12	chr4:1260448718:C:T	T/C
F13	chr4:1260448718:C:T	C/C
F10	chr4:1260448718:C:T	T/C
F11	chr4:1260448718:C:T	T/C
F16	chr4:1260448718:C:T	T/T
F17	chr4:1260448718:C:T	T/C
F14	chr4:1260448718:C:T	T/C
F15	chr4:1260448718:C:T	T/C
F1	chr4:1505900672:C:T	./.
F2	chr4:1505900672:C:T	T/T
F3	chr4:1505900672:C:T	C/T
F4	chr4:1505900672:C:T	T/T
F5	chr4:1505900672:C:T	T/T
F6	chr4:1505900672:C:T	C/T
F7	chr4:1505900672:C:T	T/T
F8	chr4:1505900672:C:T	T/T
F9	chr4:1505900672:C:T	C/C
F23	chr4:1505900672:C:T	C/C
F22	chr4:1505900672:C:T	C/C
F18	chr4:1505900672:C:T	C/C
F20	chr4:1505900672:C:T	C/C
F12	chr4:1505900672:C:T	C/C
F13	chr4:1505900672:C:T	C/C
F10	chr4:1505900672:C:T	C/T
F11	chr4:1505900672:C:T	T/T
F16	chr4:1505900672:C:T	C/C
F17	chr4:1505900672:C:T	T/T
F14	chr4:1505900672:C:T	T/T
F15	chr4:1505900672:C:T	C/C
F1	chr4:1531751376:A:G	G/A
F2	chr4:1531751376:A:G	G/A
F3	chr4:1531751376:A:G	G/A
F4	chr4:1531751376:A:G	G/A
F5	chr4:1531751376:A:G	G/A
F6	chr4:1531751376:A:G	G/A
F7	chr4:1531751376:A:G	G/A
F8	chr4:1531751376:A:G	G/A
F9	chr4:1531751376:A:G	G/A
F23	chr4:1531751376:A:G	G/A
F22	chr4:1531751376:A:G	./.
F18	chr4:1531751376:A:G	G/G
F20	chr4:1531751376:A:G	G/A
F12	chr4:1531751376:A:G	G/A
F13	chr4:1531751376:A:G	G/A
F10	chr4:1531751376:A:G	A/A
F11	chr4:1531751376:A:G	G/A
F16	chr4:1531751376:A:G	G/A
F17	chr4:1531751376:A:G	G/A
F14	chr4:1531751376:A:G	G/A
F15	chr4:1531751376:A:G	G/A
F1	chr4:1578032719:A:G	G/A
F2	chr4:1578032719:A:G	G/A
F3	chr4:1578032719:A:G	G/A
F4	chr4:1578032719:A:G	G/A
F5	chr4:1578032719:A:G	G/A
F6	chr4:1578032719:A:G	G/A
F7	chr4:1578032719:A:G	G/A
F8	chr4:1578032719:A:G	G/A
F9	chr4:1578032719:A:G	G/A
F23	chr4:1578032719:A:G	G/A
F22	chr4:1578032719:A:G	G/A
F18	chr4:1578032719:A:G	./.
F20	chr4:1578032719:A:G	G/A
F12	chr4:1578032719:A:G	G/A
F13	chr4:1578032719:A:G	G/A
F10	chr4:1578032719:A:G	G/A
F11	chr4:1578032719:A:G	G/A
F16	chr4:1578032719:A:G	G/A
F17	chr4:1578032719:A:G	G/G
F14	chr4:1578032719:A:G	A/A
F15	chr4:1578032719:A:G	G/A
F1	chr5:24337734:A:T	A/A
F2	chr5:24337734:A:T	A/A
F3	chr5:24337734:A:T	A/A
F4	chr5:24337734:A:T	A/A
F5	chr5:24337734:A:T	T/A
F6	chr5:24337734:A:T	T/A
F7	chr5:24337734:A:T	T/T
F8	chr5:24337734:A:T	T/A
F9	chr5:24337734:A:T	T/T
F23	chr5:24337734:A:T	./.
F22	chr5:24337734:A:T	T/T
F18	chr5:24337734:A:T	A/A
F20	chr5:24337734:A:T	A/A
F12	chr5:24337734:A:T	A/A
F13	chr5:24337734:A:T	T/A
F10	chr5:24337734:A:T	T/T
F11	chr5:24337734:A:T	T/T
F16	chr5:24337734:A:T	A/A
F17	chr5:24337734:A:T	T/T
F14	chr5:24337734:A:T	T/T
F15	chr5:24337734:A:T	T/T
F1	chr5:28835381:A:C	A/C
F2	chr5:28835381:A:C	A/A
F3	chr5:28835381:A:C	C/C
F4	chr5:28835381:A:C	A/A
F5	chr5:28835381:A:C	A/C
F6	chr5:28835381:A:C	A/C
F7	chr5:28835381:A:C	A/A
F8	chr5:28835381:A:C	A/C
F9	chr5:28835381:A:C	C/C
F23	chr5:28835381:A:C	./.
F22	chr5:28835381:A:C	A/C
F18	chr5:28835381:A:C	A/A
F20	chr5:28835381:A:C	A/A
F12	chr5:28835381:A:C	C/C
F13	chr5:28835381:A:C	C/C
F10	chr5:28835381:A:C	A/A
F11	chr5:28835381:A:C	A/A
F16	chr5:28835381:A:C	C/C
F17	chr5:28835381:A:C	C/C
F14	chr5:28835381:A:C	A/A
F15	chr5:28835381:A:C	C/C
F1	chr5:80804829:C:G	G/G
F2	chr5:80804829:C:G	C/C
F3	chr5:80804829:C:G	G/G
F4	chr5:80804829:C:G	C/C
F5	chr5:80804829:C:G	G/C
F6	chr5:80804829:C:G	G/C
F7	chr5:80804829:C:G	C/C
F8	chr5:80804829:C:G	G/C
F9	chr5:80804829:C:G	G/G
F23	chr5:80804829:C:G	G/G
F22	chr5:80804829:C:G	G/G
F18	chr5:80804829:C:G	C/C
F20	chr5:80804829:C:G	./.
F12	chr5:80804829:C:G	C/C
F13	chr5:80804829:C:G	C/C
F10	chr5:80804829:C:G	G/C
F11	chr5:80804829:C:G	G/G
F16	chr5:80804829:C:G	G/G
F17	chr5:80804829:C:G	C/C
F14	chr5:80804829:C:G	G/C
F15	chr5:80804829:C:G	G/C
F1	chr5:105954585:C:T	C/T
F2	chr5:105954585:C:T	C/T
F3	chr5:105954585:C:T	C/T
F4	chr5:105954585:C:T	C/T
F5	chr5:105954585:C:T	C/T
F6	chr5:105954585:C:T	C/T
F7	chr5:105954585:C:T	C/T
F8	chr5:105954585:C:T	C/T
F9	chr5:105954585:C:T	C/T
F23	chr5:105954585:C:T	C/T
F22	chr5:105954585:C:T	C/T
F18	chr5:105954585:C:T	C/T
F20	chr5:105954585:C:T	./.
F12	chr5:105954585:C:T	C/C
F13	chr5:105954585:C:T	C/T
F10	chr5:105954585:C:T	C/T
F11	chr5:105954585:C:T	C/T
F16	chr5:105954585:C:T	C/T
F17	chr5:105954585:C:T	C/T
F14	chr5:105954585:C:T	C/T
F15	chr5:105954585:C:T	C/T
F1	chr5:157205807:C:T	C/C
F2	chr5:157205807:C:T	T/T
F3	chr5:157205807:C:T	C/C
F4	chr5:157205807:C:T	./.
F5	chr5:157205807:C:T	C/T
F6	chr5:157205807:C:T	C/T
F7	chr5:157205807:C:T	C/C
F8	chr5:157205807:C:T	T/T
F9	chr5:157205807:C:T	T/T
F23	chr5:157205807:C:T	C/C
F22	chr5:157205807:C:T	C/C
F18	chr5:157205807:C:T	T/T
F20	chr5:157205807:C:T	C/C
F12	chr5:157205807:C:T	T/T
F13	chr5:157205807:C:T	T/T
F10	chr5:157205807:C:T	C/C
F11	chr5:157205807:C:T	C/C
F16	chr5:157205807:C:T	C/C
F17	chr5:157205807:C:T	T/T
F14	chr5:157205807:C:T	T/T
F15	chr5:157205807:C:T	C/T
F1	chr5:163813368:C:T	./.
F2	chr5:163813368:C:T	C/T
F3	chr5:163813368:C:T	C/C
F4	chr5:163813368:C:T	T/T
F5	chr5:163813368:C:T	T/T
F6	chr5:163813368:C:T	T/T
F7	chr5:163813368:C:T	T/T
F8	chr5:163813368:C:T	C/T
F9	chr5:163813368:C:T	C/C
F23	chr5:163813368:C:T	T/T
F22	chr5:163813368:C:T	T/T
F18	chr5:163813368:C:T	C/C
F20	chr5:163813368:C:T	C/C
F12	chr5:163813368:C:T	C/C
F13	chr5:163813368:C:T	C/T
F10	chr5:163813368:C:T	C/T
F11	chr5:163813368:C:T	C/C
F16	chr5:163813368:C:T	T/T
F17	chr5:163813368:C:T	C/C
F14	chr5:163813368:C:T	C/T
F15	chr5:163813368:C:T	C/T
F1	chr5:435491031:A:G	G/A
F2	chr5:435491031:A:G	G/A
F3	chr5:435491031:A:G	A/A
F4	chr5:435491031:A:G	G/A
F5	chr5:435491031:A:G	G/A
F6	chr5:435491031:A:G	G/A
F7	chr5:435491031:A:G	G/A
F8	chr5:435491031:A:G	G/A
F9	chr5:435491031:A:G	G/G
F23	chr5:435491031:A:G	G/G
F22	chr5:435491031:A:G	./.
F18	chr5:435491031:A:G	G/A
F20	chr5:435491031:A:G	G/A
F12	chr5:435491031:A:G	G/A
F13	chr5:435491031:A:G	G/A
F10	chr5:435491031:A:G	G/A
F11	chr5:435491031:A:G	G/A
F16	chr5:435491031:A:G	G/G
F17	chr5:435491031:A:G	G/A
F14	chr5:435491031:A:G	A/A
F15	chr5:435491031:A:G	G/A
F1	chr5:452818136:C:G	C/G
F2	chr5:452818136:C:G	C/G
F3	chr5:452818136:C:G	C/G
F4	chr5:452818136:C:G	C/G
F5	chr5:452818136:C:G	C/G
F6	chr5:452818136:C:G	C/G
F7	chr5:452818136:C:G	C/G
F8	chr5:452818136:C:G	C/G
F9	chr5:452818136:C:G	C/G
F23	chr5:452818136:C:G	C/G
F22	chr5:452818136:C:G	./.
F18	chr5:452818136:C:G	C/G
F20	chr5:452818136:C:G	C/G
F12	chr5:452818136:C:G	C/G
F13	chr5:452818136:C:G	C/G
F10	chr5:452818136:C:G	C/G
F11	chr5:452818136:C:G	C/G
F16	chr5:452818136:C:G	C/C
F17	chr5:452818136:C:G	C/G
F14	chr5:452818136:C:G	C/G
F15	chr5:452818136:C:G	C/G
F1	chr5:724417340:A:G	G/G
F2	chr5:724417340:A:G	A/A
F3	chr5:724417340:A:G	A/A
F4	chr5:724417340:A:G	A/A
F5	chr5:724417340:A:G	A/A
F6	chr5:724417340:A:G	G/G
F7	chr5:724417340:A:G	G/G
F8	chr5:724417340:A:G	G/G
F9	chr5:724417340:A:G	G/G
F23	chr5:724417340:A:G	./.
F22	chr5:724417340:A:G	A/A
F18	chr5:724417340:A:G	G/G
F20	chr5:724417340:A:G	A/A
F12	chr5:724417340:A:G	G/G
F13	chr5:724417340:A:G	G/G
F10	chr5:724417340:A:G	A/A
F11	chr5:724417340:A:G	G/A
F16	chr5:724417340:A:G	A/A
F17	chr5:724417340:A:G	G/A
F14	chr5:724417340:A:G	G/A
F15	chr5:724417340:A:G	G/A
F1	chr5:742986796:A:G	A/A
F2	chr5:742986796:A:G	G/G
F3	chr5:742986796:A:G	G/G
F4	chr5:742986796:A:G	G/G
F5	chr5:742986796:A:G	A/A
F6	chr5:742986796:A:G	A/A
F7	chr5:742986796:A:G	A/A
F8	chr5:742986796:A:G	G/G
F9	chr5:742986796:A:G	G/G
F23	chr5:742986796:A:G	G/G
F22	chr5:742986796:A:G	./.
F18	chr5:742986796:A:G	G/G
F20	chr5:742986796:A:G	G/G
F12	chr5:742986796:A:G	A/A
F13	chr5:742986796:A:G	A/A
F10	chr5:742986796:A:G	A/A
F11	chr5:742986796:A:G	G/A
F16	chr5:742986796:A:G	G/G
F17	chr5:742986796:A:G	G/G
F14	chr5:742986796:A:G	A/A
F15	chr5:742986796:A:G	A/A
F1	chr5:816047640:A:C	C/C
F2	chr5:816047640:A:C	A/A
F3	chr5:816047640:A:C	C/A
F4	chr5:816047640:A:C	./.
F5	chr5:816047640:A:C	C/C
F6	chr5:816047640:A:C	C/C
F7	chr5:816047640:A:C	A/A
F8	chr5:816047640:A:C	A/A
F9	chr5:816047640:A:C	C/A
F23	chr5:816047640:A:C	A/A
F22	chr5:816047640:A:C	C/A
F18	chr5:816047640:A:C	A/A
F20	chr5:816047640:A:C	C/A
F12	chr5:816047640:A:C	C/C
F13	chr5:816047640:A:C	C/A
F10	chr5:816047640:A:C	A/A
F11	chr5:816047640:A:C	C/C
F16	chr5:816047640:A:C	A/A
F17	chr5:816047640:A:C	C/A
F14	chr5:816047640:A:C	C/C
F15	chr5:816047640:A:C	C/C
F1	chr5:934548665:A:G	A/G
F2	chr5:934548665:A:G	A/A
F3	chr5:934548665:A:G	A/G
F4	chr5:934548665:A:G	A/G
F5	chr5:934548665:A:G	A/G
F6	chr5:934548665:A:G	A/G
F7	chr5:934548665:A:G	A/G
F8	chr5:934548665:A:G	A/G
F9	chr5:934548665:A:G	A/G
F23	chr5:934548665:A:G	./.
F22	chr5:934548665:A:G	G/G
F18	chr5:934548665:A:G	A/A
F20	chr5:934548665:A:G	A/A
F12	chr5:934548665:A:G	A/G
F13	chr5:934548665:A:G	A/G
F10	chr5:934548665:A:G	A/G
F11	chr5:934548665:A:G	A/G
F16	chr5:934548665:A:G	G/G
F17	chr5:934548665:A:G	A/G
F14	chr5:934548665:A:G	A/G
F15	chr5:934548665:A:G	A/G
F1	chr5:957478078:G:T	./.
F2	chr5:957478078:G:T	T/T
F3	chr5:957478078:G:T	G/G
F4	chr5:957478078:G:T	T/T
F5	chr5:957478078:G:T	G/T
F6	chr5:957478078:G:T	G/G
F7	chr5:957478078:G:T	G/G
F8	chr5:957478078:G:T	G/G
F9	chr5:957478078:G:T	G/G
F23	chr5:957478078:G:T	G/G
F22	chr5:957478078:G:T	G/T
F18	chr5:957478078:G:T	T/T
F20	chr5:957478078:G:T	G/T
F12	chr5:957478078:G:T	T/T
F13	chr5:957478078:G:T	T/T
F10	chr5:957478078:G:T	T/T
F11	chr5:957478078:G:T	G/T
F16	chr5:957478078:G:T	G/G
F17	chr5:957478078:G:T	T/T
F14	chr5:957478078:G:T	G/T
F15	chr5:957478078:G:T	G/G
F1	chr5:1023223431:A:G	G/G
F2	chr5:1023223431:A:G	A/G
F3	chr5:1023223431:A:G	G/G
F4	chr5:1023223431:A:G	A/G
F5	chr5:1023223431:A:G	A/G
F6	chr5:1023223431:A:G	A/G
F7	chr5:1023223431:A:G	A/A
F8	chr5:1023223431:A:G	G/G
F9	chr5:1023223431:A:G	A/G
F23	chr5:1023223431:A:G	A/A
F22	chr5:1023223431:A:G	./.
F18	chr5:1023223431:A:G	A/A
F20	chr5:1023223431:A:G	A/A
F12	chr5:1023223431:A:G	A/A
F13	chr5:1023223431:A:G	A/A
F10	chr5:1023223431:A:G	A/G
F11	chr5:1023223431:A:G	A/G
F16	chr5:1023223431:A:G	A/G
F17	chr5:1023223431:A:G	G/G
F14	chr5:1023223431:A:G	G/G
F15	chr5:1023223431:A:G	A/G
F1	chr5:1028106634:C:T	T/T
F2	chr5:1028106634:C:T	C/C
F3	chr5:1028106634:C:T	C/T
F4	chr5:1028106634:C:T	C/C
F5	chr5:1028106634:C:T	T/T
F6	chr5:1028106634:C:T	T/T
F7	chr5:1028106634:C:T	T/T
F8	chr5:1028106634:C:T	C/T
F9	chr5:1028106634:C:T	C/C
F23	chr5:1028106634:C:T	C/C
F22	chr5:1028106634:C:T	C/C
F18	chr5:1028106634:C:T	C/T
F20	chr5:1028106634:C:T	T/T
F12	chr5:1028106634:C:T	C/T
F13	chr5:1028106634:C:T	C/T
F10	chr5:1028106634:C:T	T/T
F11	chr5:1028106634:C:T	C/T
F16	chr5:1028106634:C:T	C/C
F17	chr5:1028106634:C:T	C/T
F14	chr5:1028106634:C:T	C/T
F15	chr5:1028106634:C:T	./.
F1	chr5:1051170209:A:G	A/A
F2	chr5:1051170209:A:G	G/G
F3	chr5:1051170209:A:G	A/A
F4	chr5:1051170209:A:G	G/G
F5	chr5:1051170209:A:G	A/A
F6	chr5:1051170209:A:G	G/G
F7	chr5:1051170209:A:G	G/A
F8	chr5:1051170209:A:G	G/A
F9	chr5:1051170209:A:G	G/G
F23	chr5:1051170209:A:G	./.
F22	chr5:1051170209:A:G	G/G
F18	chr5:1051170209:A:G	G/A
F20	chr5:1051170209:A:G	G/A
F12	chr5:1051170209:A:G	A/A
F13	chr5:1051170209:A:G	A/A
F10	chr5:1051170209:A:G	G/G
F11	chr5:1051170209:A:G	G/A
F16	chr5:1051170209:A:G	G/A
F17	chr5:1051170209:A:G	G/A
F14	chr5:1051170209:A:G	A/A
F15	chr5:1051170209:A:G	G/A
F1	chr5:1154728947:C:T	C/C
F2	chr5:1154728947:C:T	C/T
F3	chr5:1154728947:C:T	C/C
F4	chr5:1154728947:C:T	C/T
F5	chr5:1154728947:C:T	T/T
F6	chr5:1154728947:C:T	T/T
F7	chr5:1154728947:C:T	C/C
F8	chr5:1154728947:C:T	T/T
F9	chr5:1154728947:C:T	C/C
F23	chr5:1154728947:C:T	T/T
F22	chr5:1154728947:C:T	T/T
F18	chr5:1154728947:C:T	C/C
F20	chr5:1154728947:C:T	C/T
F12	chr5:1154728947:C:T	C/C
F13	chr5:1154728947:C:T	C/T
F10	chr5:1154728947:C:T	C/T
F11	chr5:1154728947:C:T	T/T
F16	chr5:1154728947:C:T	C/C
F17	chr5:1154728947:C:T	./.
F14	chr5:1154728947:C:T	C/T
F15	chr5:1154728947:C:T	C/T
F1	chr5:1185415343:A:G	A/G
F2	chr5:1185415343:A:G	A/G
F3	chr5:1185415343:A:G	G/G
F4	chr5:1185415343:A:G	A/G
F5	chr5:1185415343:A:G	A/G
F6	chr5:1185415343:A:G	A/G
F7	chr5:1185415343:A:G	A/G
F8	chr5:1185415343:A:G	A/G
F9	chr5:1185415343:A:G	A/G
F23	chr5:1185415343:A:G	A/G
F22	chr5:1185415343:A:G	A/G
F18	chr5:1185415343:A:G	A/G
F20	chr5:1185415343:A:G	A/A
F12	chr5:1185415343:A:G	A/G
F13	chr5:1185415343:A:G	A/G
F10	chr5:1185415343:A:G	./.
F11	chr5:1185415343:A:G	A/G
F16	chr5:1185415343:A:G	A/G
F17	chr5:1185415343:A:G	A/G
F14	chr5:1185415343:A:G	A/G
F15	chr5:1185415343:A:G	A/G
F1	chr5:1290568347:A:G	A/A
F2	chr5:1290568347:A:G	G/G
F3	chr5:1290568347:A:G	A/A
F4	chr5:1290568347:A:G	./.
F5	chr5:1290568347:A:G	A/A
F6	chr5:1290568347:A:G	G/A
F7	chr5:1290568347:A:G	G/A
F8	chr5:1290568347:A:G	G/G
F9	chr5:1290568347:A:G	G/G
F23	chr5:1290568347:A:G	G/G
F22	chr5:1290568347:A:G	A/A
F18	chr5:1290568347:A:G	A/A
F20	chr5:1290568347:A:G	G/G
F12	chr5:1290568347:A:G	G/A
F13	chr5:1290568347:A:G	A/A
F10	chr5:1290568347:A:G	G/A
F11	chr5:1290568347:A:G	G/G
F16	chr5:1290568347:A:G	A/A
F17	chr5:1290568347:A:G	G/A
F14	chr5:1290568347:A:G	G/A
F15	chr5:1290568347:A:G	G/G
F1	chr6:49501398:C:T	T/C
F2	chr6:49501398:C:T	C/C
F3	chr6:49501398:C:T	T/C
F4	chr6:49501398:C:T	C/C
F5	chr6:49501398:C:T	T/C
F6	chr6:49501398:C:T	T/C
F7	chr6:49501398:C:T	T/C
F8	chr6:49501398:C:T	T/C
F9	chr6:49501398:C:T	T/C
F23	chr6:49501398:C:T	./.
F22	chr6:49501398:C:T	T/C
F18	chr6:49501398:C:T	T/C
F20	chr6:49501398:C:T	T/C
F12	chr6:49501398:C:T	T/C
F13	chr6:49501398:C:T	T/C
F10	chr6:49501398:C:T	T/C
F11	chr6:49501398:C:T	T/C
F16	chr6:49501398:C:T	T/C
F17	chr6:49501398:C:T	T/T
F14	chr6:49501398:C:T	T/T
F15	chr6:49501398:C:T	T/C
F1	chr6:51749213:A:G	G/A
F2	chr6:51749213:A:G	G/G
F3	chr6:51749213:A:G	G/A
F4	chr6:51749213:A:G	G/G
F5	chr6:51749213:A:G	G/G
F6	chr6:51749213:A:G	A/A
F7	chr6:51749213:A:G	A/A
F8	chr6:51749213:A:G	G/A
F9	chr6:51749213:A:G	G/G
F23	chr6:51749213:A:G	./.
F22	chr6:51749213:A:G	G/G
F18	chr6:51749213:A:G	G/A
F20	chr6:51749213:A:G	G/A
F12	chr6:51749213:A:G	A/A
F13	chr6:51749213:A:G	G/A
F10	chr6:51749213:A:G	A/A
F11	chr6:51749213:A:G	A/A
F16	chr6:51749213:A:G	G/G
F17	chr6:51749213:A:G	G/A
F14	chr6:51749213:A:G	A/A
F15	chr6:51749213:A:G	G/A
F1	chr6:79784464:A:C	./.
F2	chr6:79784464:A:C	C/A
F3	chr6:79784464:A:C	C/A
F4	chr6:79784464:A:C	C/A
F5	chr6:79784464:A:C	C/A
F6	chr6:79784464:A:C	C/A
F7	chr6:79784464:A:C	A/A
F8	chr6:79784464:A:C	C/A
F9	chr6:79784464:A:C	C/A
F23	chr6:79784464:A:C	C/A
F22	chr6:79784464:A:C	C/A
F18	chr6:79784464:A:C	C/A
F20	chr6:79784464:A:C	C/A
F12	chr6:79784464:A:C	C/C
F13	chr6:79784464:A:C	C/A
F10	chr6:79784464:A:C	A/A
F11	chr6:79784464:A:C	C/A
F16	chr6:79784464:A:C	C/A
F17	chr6:79784464:A:C	C/C
F14	chr6:79784464:A:C	C/A
F15	chr6:79784464:A:C	C/A
F1	chr6:456201107:C:T	T/C
F2	chr6:456201107:C:T	T/T
F3	chr6:456201107:C:T	T/C
F4	chr6:456201107:C:T	T/T
F5	chr6:456201107:C:T	T/C
F6	chr6:456201107:C:T	T/T
F7	chr6:456201107:C:T	C/C
F8	chr6:456201107:C:T	T/C
F9	chr6:456201107:C:T	T/C
F23	chr6:456201107:C:T	T/C
F22	chr6:456201107:C:T	T/C
F18	chr6:456201107:C:T	T/C
F20	chr6:456201107:C:T	T/C
F12	chr6:456201107:C:T	T/C
F13	chr6:456201107:C:T	C/C
F10	chr6:456201107:C:T	T/T
F11	chr6:456201107:C:T	T/T
F16	chr6:456201107:C:T	T/C
F17	chr6:456201107:C:T	C/C
F14	chr6:456201107:C:T	C/C
F15	chr6:456201107:C:T	T/C
F1	chr6:658516587:C:T	C/T
F2	chr6:658516587:C:T	C/T
F3	chr6:658516587:C:T	C/T
F4	chr6:658516587:C:T	C/T
F5	chr6:658516587:C:T	C/T
F6	chr6:658516587:C:T	C/T
F7	chr6:658516587:C:T	T/T
F8	chr6:658516587:C:T	C/T
F9	chr6:658516587:C:T	C/T
F23	chr6:658516587:C:T	C/T
F22	chr6:658516587:C:T	C/T
F18	chr6:658516587:C:T	C/T
F20	chr6:658516587:C:T	T/T
F12	chr6:658516587:C:T	C/T
F13	chr6:658516587:C:T	C/T
F10	chr6:658516587:C:T	C/T
F11	chr6:658516587:C:T	C/C
F16	chr6:658516587:C:T	C/C
F17	chr6:658516587:C:T	C/T
F14	chr6:658516587:C:T	C/T
F15	chr6:658516587:C:T	C/T
F1	chr6:713748933:C:T	C/T
F2	chr6:713748933:C:T	T/T
F3	chr6:713748933:C:T	C/T
F4	chr6:713748933:C:T	T/T
F5	chr6:713748933:C:T	C/T
F6	chr6:713748933:C:T	C/T
F7	chr6:713748933:C:T	C/T
F8	chr6:713748933:C:T	C/C
F9	chr6:713748933:C:T	C/C
F23	chr6:713748933:C:T	C/T
F22	chr6:713748933:C:T	C/T
F18	chr6:713748933:C:T	C/T
F20	chr6:713748933:C:T	T/T
F12	chr6:713748933:C:T	C/T
F13	chr6:713748933:C:T	C/C
F10	chr6:713748933:C:T	C/T
F11	chr6:713748933:C:T	./.
F16	chr6:713748933:C:T	C/C
F17	chr6:713748933:C:T	C/T
F14	chr6:713748933:C:T	T/T
F15	chr6:713748933:C:T	C/T
F1	chr6:740398209:A:G	G/A
F2	chr6:740398209:A:G	G/A
F3	chr6:740398209:A:G	G/G
F4	chr6:740398209:A:G	G/A
F5	chr6:740398209:A:G	G/A
F6	chr6:740398209:A:G	G/A
F7	chr6:740398209:A:G	A/A
F8	chr6:740398209:A:G	G/A
F9	chr6:740398209:A:G	G/A
F23	chr6:740398209:A:G	G/A
F22	chr6:740398209:A:G	./.
F18	chr6:740398209:A:G	G/A
F20	chr6:740398209:A:G	G/A
F12	chr6:740398209:A:G	G/A
F13	chr6:740398209:A:G	G/A
F10	chr6:740398209:A:G	G/A
F11	chr6:740398209:A:G	G/A
F16	chr6:740398209:A:G	G/A
F17	chr6:740398209:A:G	G/A
F14	chr6:740398209:A:G	G/A
F15	chr6:740398209:A:G	G/A
F1	chr6:899293109:C:T	C/T
F2	chr6:899293109:C:T	C/C
F3	chr6:899293109:C:T	C/C
F4	chr6:899293109:C:T	C/C
F5	chr6:899293109:C:T	T/T
F6	chr6:899293109:C:T	C/T
F7	chr6:899293109:C:T	T/T
F8	chr6:899293109:C:T	C/C
F9	chr6:899293109:C:T	C/T
F23	chr6:899293109:C:T	C/T
F22	chr6:899293109:C:T	./.
F18	chr6:899293109:C:T	T/T
F20	chr6:899293109:C:T	C/C
F12	chr6:899293109:C:T	T/T
F13	chr6:899293109:C:T	T/T
F10	chr6:899293109:C:T	C/T
F11	chr6:899293109:C:T	T/T
F16	chr6:899293109:C:T	C/T
F17	chr6:899293109:C:T	C/T
F14	chr6:899293109:C:T	C/C
F15	chr6:899293109:C:T	C/T
F1	chr6:970470954:G:T	G/G
F2	chr6:970470954:G:T	G/T
F3	chr6:970470954:G:T	G/G
F4	chr6:970470954:G:T	G/T
F5	chr6:970470954:G:T	G/G
F6	chr6:970470954:G:T	T/T
F7	chr6:970470954:G:T	T/T
F8	chr6:970470954:G:T	T/T
F9	chr6:970470954:G:T	G/G
F23	chr6:970470954:G:T	G/G
F22	chr6:970470954:G:T	T/T
F18	chr6:970470954:G:T	./.
F20	chr6:970470954:G:T	T/T
F12	chr6:970470954:G:T	G/G
F13	chr6:970470954:G:T	G/T
F10	chr6:970470954:G:T	G/T
F11	chr6:970470954:G:T	G/G
F16	chr6:970470954:G:T	G/T
F17	chr6:970470954:G:T	G/G
F14	chr6:970470954:G:T	T/T
F15	chr6:970470954:G:T	T/T
F1	chr6:1074315995:A:G	A/G
F2	chr6:1074315995:A:G	A/G
F3	chr6:1074315995:A:G	A/G
F4	chr6:1074315995:A:G	A/G
F5	chr6:1074315995:A:G	A/G
F6	chr6:1074315995:A:G	A/G
F7	chr6:1074315995:A:G	A/G
F8	chr6:1074315995:A:G	A/G
F9	chr6:1074315995:A:G	A/G
F23	chr6:1074315995:A:G	A/A
F22	chr6:1074315995:A:G	./.
F18	chr6:1074315995:A:G	A/G
F20	chr6:1074315995:A:G	A/G
F12	chr6:1074315995:A:G	A/G
F13	chr6:1074315995:A:G	A/G
F10	chr6:1074315995:A:G	A/G
F11	chr6:1074315995:A:G	A/G
F16	chr6:1074315995:A:G	A/G
F17	chr6:1074315995:A:G	A/G
F14	chr6:1074315995:A:G	A/G
F15	chr6:1074315995:A:G	G/G
F1	chr6:1337842821:A:G	A/G
F2	chr6:1337842821:A:G	A/G
F3	chr6:1337842821:A:G	A/G
F4	chr6:1337842821:A:G	A/G
F5	chr6:1337842821:A:G	A/G
F6	chr6:1337842821:A:G	A/G
F7	chr6:1337842821:A:G	A/G
F8	chr6:1337842821:A:G	A/G
F9	chr6:1337842821:A:G	A/A
F23	chr6:1337842821:A:G	G/G
F22	chr6:1337842821:A:G	G/G
F18	chr6:1337842821:A:G	A/A
F20	chr6:1337842821:A:G	A/G
F12	chr6:1337842821:A:G	A/G
F13	chr6:1337842821:A:G	A/G
F10	chr6:1337842821:A:G	A/A
F11	chr6:1337842821:A:G	G/G
F16	chr6:1337842821:A:G	A/G
F17	chr6:1337842821:A:G	A/G
F14	chr6:1337842821:A:G	A/G
F15	chr6:1337842821:A:G	A/A
F1	chr1L:2959066:A:C	C/A
F2	chr1L:2959066:A:C	C/A
F3	chr1L:2959066:A:C	C/A
F4	chr1L:2959066:A:C	C/A
F5	chr1L:2959066:A:C	C/A
F6	chr1L:2959066:A:C	C/A
F7	chr1L:2959066:A:C	C/A
F8	chr1L:2959066:A:C	C/A
F9	chr1L:2959066:A:C	C/A
F23	chr1L:2959066:A:C	C/A
F22	chr1L:2959066:A:C	C/A
F18	chr1L:2959066:A:C	C/A
F20	chr1L:2959066:A:C	C/A
F12	chr1L:2959066:A:C	C/A
F13	chr1L:2959066:A:C	C/A
F10	chr1L:2959066:A:C	C/A
F11	chr1L:2959066:A:C	C/A
F16	chr1L:2959066:A:C	C/A
F17	chr1L:2959066:A:C	C/A
F14	chr1L:2959066:A:C	C/C
F15	chr1L:2959066:A:C	C/A
F1	chr1L:9139829:C:T	./.
F2	chr1L:9139829:C:T	T/T
F3	chr1L:9139829:C:T	C/C
F4	chr1L:9139829:C:T	T/T
F5	chr1L:9139829:C:T	T/T
F6	chr1L:9139829:C:T	C/C
F7	chr1L:9139829:C:T	T/T
F8	chr1L:9139829:C:T	T/T
F9	chr1L:9139829:C:T	C/T
F23	chr1L:9139829:C:T	C/C
F22	chr1L:9139829:C:T	T/T
F18	chr1L:9139829:C:T	C/C
F20	chr1L:9139829:C:T	T/T
F12	chr1L:9139829:C:T	C/C
F13	chr1L:9139829:C:T	C/T
F10	chr1L:9139829:C:T	C/C
F11	chr1L:9139829:C:T	C/T
F16	chr1L:9139829:C:T	C/C
F17	chr1L:9139829:C:T	T/T
F14	chr1L:9139829:C:T	C/C
F15	chr1L:9139829:C:T	C/T
F1	chr1L:54193658:C:T	T/C
F2	chr1L:54193658:C:T	T/T
F3	chr1L:54193658:C:T	T/C
F4	chr1L:54193658:C:T	./.
F5	chr1L:54193658:C:T	T/T
F6	chr1L:54193658:C:T	C/C
F7	chr1L:54193658:C:T	T/T
F8	chr1L:54193658:C:T	T/C
F9	chr1L:54193658:C:T	T/C
F23	chr1L:54193658:C:T	T/C
F22	chr1L:54193658:C:T	T/T
F18	chr1L:54193658:C:T	T/C
F20	chr1L:54193658:C:T	T/T
F12	chr1L:54193658:C:T	C/C
F13	chr1L:54193658:C:T	T/C
F10	chr1L:54193658:C:T	T/C
F11	chr1L:54193658:C:T	T/C
F16	chr1L:54193658:C:T	T/C
F17	chr1L:54193658:C:T	C/C
F14	chr1L:54193658:C:T	C/C
F15	chr1L:54193658:C:T	T/C
F1	chr1L:69241599:C:T	C/T
F2	chr1L:69241599:C:T	C/T
F3	chr1L:69241599:C:T	C/T
F4	chr1L:69241599:C:T	T/T
F5	chr1L:69241599:C:T	C/T
F6	chr1L:69241599:C:T	C/T
F7	chr1L:69241599:C:T	C/T
F8	chr1L:69241599:C:T	C/T
F9	chr1L:69241599:C:T	T/T
F23	chr1L:69241599:C:T	C/C
F22	chr1L:69241599:C:T	./.
F18	chr1L:69241599:C:T	C/C
F20	chr1L:69241599:C:T	C/T
F12	chr1L:69241599:C:T	C/C
F13	chr1L:69241599:C:T	C/T
F10	chr1L:69241599:C:T	C/T
F11	chr1L:69241599:C:T	T/T
F16	chr1L:69241599:C:T	C/C
F17	chr1L:69241599:C:T	C/T
F14	chr1L:69241599:C:T	T/T
F15	chr1L:69241599:C:T	C/T
F1	chr1L:269222753:A:G	G/G
F2	chr1L:269222753:A:G	G/G
F3	chr1L:269222753:A:G	A/A
F4	chr1L:269222753:A:G	G/G
F5	chr1L:269222753:A:G	A/A
F6	chr1L:269222753:A:G	G/G
F7	chr1L:269222753:A:G	A/A
F8	chr1L:269222753:A:G	A/A
F9	chr1L:269222753:A:G	A/G
F23	chr1L:269222753:A:G	./.
F22	chr1L:269222753:A:G	A/A
F18	chr1L:269222753:A:G	G/G
F20	chr1L:269222753:A:G	G/G
F12	chr1L:269222753:A:G	A/A
F13	chr1L:269222753:A:G	G/G
F10	chr1L:269222753:A:G	A/A
F11	chr1L:269222753:A:G	G/G
F16	chr1L:269222753:A:G	A/A
F17	chr1L:269222753:A:G	A/A
F14	chr1L:269222753:A:G	G/G
F15	chr1L:269222753:A:G	A/G
F1	chr1L:431271693:C:T	T/C
F2	chr1L:431271693:C:T	C/C
F3	chr1L:431271693:C:T	C/C
F4	chr1L:431271693:C:T	C/C
F5	chr1L:431271693:C:T	T/C
F6	chr1L:431271693:C:T	T/T
F7	chr1L:431271693:C:T	T/T
F8	chr1L:431271693:C:T	C/C
F9	chr1L:431271693:C:T	T/T
F23	chr1L:431271693:C:T	C/C
F22	chr1L:431271693:C:T	./.
F18	chr1L:431271693:C:T	C/C
F20	chr1L:431271693:C:T	T/T
F12	chr1L:431271693:C:T	T/T
F13	chr1L:431271693:C:T	T/T
F10	chr1L:431271693:C:T	T/T
F11	chr1L:431271693:C:T	T/T
F16	chr1L:431271693:C:T	C/C
F17	chr1L:431271693:C:T	T/T
F14	chr1L:431271693:C:T	C/C
F15	chr1L:431271693:C:T	C/C
F1	chr1L:512215143:C:G	G/C
F2	chr1L:512215143:C:G	G/G
F3	chr1L:512215143:C:G	G/C
F4	chr1L:512215143:C:G	G/G
F5	chr1L:512215143:C:G	C/C
F6	chr1L:512215143:C:G	G/C
F7	chr1L:512215143:C:G	G/G
F8	chr1L:512215143:C:G	C/C
F9	chr1L:512215143:C:G	C/C
F23	chr1L:512215143:C:G	G/C
F22	chr1L:512215143:C:G	C/C
F18	chr1L:512215143:C:G	C/C
F20	chr1L:512215143:C:G	G/C
F12	chr1L:512215143:C:G	G/G
F13	chr1L:512215143:C:G	G/C
F10	chr1L:512215143:C:G	C/C
F11	chr1L:512215143:C:G	G/G
F16	chr1L:512215143:C:G	G/C
F17	chr1L:512215143:C:G	G/G
F14	chr1L:512215143:C:G	G/G
F15	chr1L:512215143:C:G	G/C
F1	chr1L:576680331:C:T	C/T
F2	chr1L:576680331:C:T	C/T
F3	chr1L:576680331:C:T	C/C
F4	chr1L:576680331:C:T	T/T
F5	chr1L:576680331:C:T	C/T
F6	chr1L:576680331:C:T	C/T
F7	chr1L:576680331:C:T	C/T
F8	chr1L:576680331:C:T	C/T
F9	chr1L:576680331:C:T	C/T
F23	chr1L:576680331:C:T	C/T
F22	chr1L:576680331:C:T	./.
F18	chr1L:576680331:C:T	C/T
F20	chr1L:576680331:C:T	C/T
F12	chr1L:576680331:C:T	C/T
F13	chr1L:576680331:C:T	C/C
F10	chr1L:576680331:C:T	C/T
F11	chr1L:576680331:C:T	C/T
F16	chr1L:576680331:C:T	C/T
F17	chr1L:576680331:C:T	T/T
F14	chr1L:576680331:C:T	C/T
F15	chr1L:576680331:C:T	C/T
F1	chr1L:590658208:A:G	A/A
F2	chr1L:590658208:A:G	A/A
F3	chr1L:590658208:A:G	A/A
F4	chr1L:590658208:A:G	./.
F5	chr1L:590658208:A:G	A/G
F6	chr1L:590658208:A:G	A/G
F7	chr1L:590658208:A:G	A/A
F8	chr1L:590658208:A:G	A/A
F9	chr1L:590658208:A:G	A/A
F23	chr1L:590658208:A:G	G/G
F22	chr1L:590658208:A:G	G/G
F18	chr1L:590658208:A:G	G/G
F20	chr1L:590658208:A:G	G/G
F12	chr1L:590658208:A:G	A/A
F13	chr1L:590658208:A:G	A/G
F10	chr1L:590658208:A:G	A/A
F11	chr1L:590658208:A:G	A/A
F16	chr1L:590658208:A:G	G/G
F17	chr1L:590658208:A:G	G/G
F14	chr1L:590658208:A:G	G/G
F15	chr1L:590658208:A:G	G/G
F1	chr1L:636824825:G:T	G/G
F2	chr1L:636824825:G:T	G/G
F3	chr1L:636824825:G:T	G/G
F4	chr1L:636824825:G:T	G/G
F5	chr1L:636824825:G:T	G/T
F6	chr1L:636824825:G:T	G/T
F7	chr1L:636824825:G:T	T/T
F8	chr1L:636824825:G:T	T/T
F9	chr1L:636824825:G:T	T/T
F23	chr1L:636824825:G:T	T/T
F22	chr1L:636824825:G:T	./.
F18	chr1L:636824825:G:T	G/G
F20	chr1L:636824825:G:T	G/G
F12	chr1L:636824825:G:T	T/T
F13	chr1L:636824825:G:T	T/T
F10	chr1L:636824825:G:T	G/G
F11	chr1L:636824825:G:T	T/T
F16	chr1L:636824825:G:T	T/T
F17	chr1L:636824825:G:T	G/G
F14	chr1L:636824825:G:T	G/T
F15	chr1L:636824825:G:T	G/T
F1	chr1L:680162444:A:G	G/A
F2	chr1L:680162444:A:G	G/A
F3	chr1L:680162444:A:G	A/A
F4	chr1L:680162444:A:G	G/A
F5	chr1L:680162444:A:G	G/A
F6	chr1L:680162444:A:G	G/A
F7	chr1L:680162444:A:G	G/A
F8	chr1L:680162444:A:G	G/A
F9	chr1L:680162444:A:G	G/A
F23	chr1L:680162444:A:G	./.
F22	chr1L:680162444:A:G	G/A
F18	chr1L:680162444:A:G	G/A
F20	chr1L:680162444:A:G	G/A
F12	chr1L:680162444:A:G	G/A
F13	chr1L:680162444:A:G	G/A
F10	chr1L:680162444:A:G	G/G
F11	chr1L:680162444:A:G	G/A
F16	chr1L:680162444:A:G	G/A
F17	chr1L:680162444:A:G	G/A
F14	chr1L:680162444:A:G	G/A
F15	chr1L:680162444:A:G	G/A
F1	chr1L:687737649:A:G	A/G
F2	chr1L:687737649:A:G	A/A
F3	chr1L:687737649:A:G	A/G
F4	chr1L:687737649:A:G	A/A
F5	chr1L:687737649:A:G	A/G
F6	chr1L:687737649:A:G	A/G
F7	chr1L:687737649:A:G	A/G
F8	chr1L:687737649:A:G	A/G
F9	chr1L:687737649:A:G	A/G
F23	chr1L:687737649:A:G	A/G
F22	chr1L:687737649:A:G	A/G
F18	chr1L:687737649:A:G	G/G
F20	chr1L:687737649:A:G	A/G
F12	chr1L:687737649:A:G	A/G
F13	chr1L:687737649:A:G	A/G
F10	chr1L:687737649:A:G	A/G
F11	chr1L:687737649:A:G	A/G
F16	chr1L:687737649:A:G	A/G
F17	chr1L:687737649:A:G	A/G
F14	chr1L:687737649:A:G	G/G
F15	chr1L:687737649:A:G	A/G
F1	chr1L:704383938:A:G	G/G
F2	chr1L:704383938:A:G	A/A
F3	chr1L:704383938:A:G	A/A
F4	chr1L:704383938:A:G	A/A
F5	chr1L:704383938:A:G	A/G
F6	chr1L:704383938:A:G	A/G
F7	chr1L:704383938:A:G	A/A
F8	chr1L:704383938:A:G	A/A
F9	chr1L:704383938:A:G	A/A
F23	chr1L:704383938:A:G	G/G
F22	chr1L:704383938:A:G	./.
F18	chr1L:704383938:A:G	G/G
F20	chr1L:704383938:A:G	G/G
F12	chr1L:704383938:A:G	A/A
F13	chr1L:704383938:A:G	A/G
F10	chr1L:704383938:A:G	G/G
F11	chr1L:704383938:A:G	A/A
F16	chr1L:704383938:A:G	G/G
F17	chr1L:704383938:A:G	G/G
F14	chr1L:704383938:A:G	G/G
F15	chr1L:704383938:A:G	A/G
F1	chr1L:729425161:A:T	T/A
F2	chr1L:729425161:A:T	T/T
F3	chr1L:729425161:A:T	T/T
F4	chr1L:729425161:A:T	T/T
F5	chr1L:729425161:A:T	T/A
F6	chr1L:729425161:A:T	T/A
F7	chr1L:729425161:A:T	A/A
F8	chr1L:729425161:A:T	A/A
F9	chr1L:729425161:A:T	A/A
F23	chr1L:729425161:A:T	A/A
F22	chr1L:729425161:A:T	T/T
F18	chr1L:729425161:A:T	T/T
F20	chr1L:729425161:A:T	T/T
F12	chr1L:729425161:A:T	A/A
F13	chr1L:729425161:A:T	T/A
F10	chr1L:729425161:A:T	A/A
F11	chr1L:729425161:A:T	A/A
F16	chr1L:729425161:A:T	T/T
F17	chr1L:729425161:A:T	./.
F14	chr1L:729425161:A:T	T/T
F15	chr1L:729425161:A:T	T/A
F1	chr1L:872162675:G:T	G/T
F2	chr1L:872162675:G:T	T/T
F3	chr1L:872162675:G:T	G/G
F4	chr1L:872162675:G:T	T/T
F5	chr1L:872162675:G:T	G/T
F6	chr1L:872162675:G:T	G/T
F7	chr1L:872162675:G:T	G/G
F8	chr1L:872162675:G:T	G/T
F9	chr1L:872162675:G:T	G/G
F23	chr1L:872162675:G:T	G/T
F22	chr1L:872162675:G:T	./.
F18	chr1L:872162675:G:T	T/T
F20	chr1L:872162675:G:T	T/T
F12	chr1L:872162675:G:T	G/G
F13	chr1L:872162675:G:T	G/G
F10	chr1L:872162675:G:T	G/G
F11	chr1L:872162675:G:T	G/T
F16	chr1L:872162675:G:T	T/T
F17	chr1L:872162675:G:T	G/G
F14	chr1L:872162675:G:T	G/T
F15	chr1L:872162675:G:T	T/T
F1	chr1L:938458904:C:T	T/C
F2	chr1L:938458904:C:T	T/C
F3	chr1L:938458904:C:T	T/T
F4	chr1L:938458904:C:T	T/C
F5	chr1L:938458904:C:T	T/C
F6	chr1L:938458904:C:T	T/C
F7	chr1L:938458904:C:T	T/C
F8	chr1L:938458904:C:T	C/C
F9	chr1L:938458904:C:T	T/C
F23	chr1L:938458904:C:T	T/C
F22	chr1L:938458904:C:T	T/C
F18	chr1L:938458904:C:T	T/T
F20	chr1L:938458904:C:T	T/C
F12	chr1L:938458904:C:T	T/C
F13	chr1L:938458904:C:T	T/C
F10	chr1L:938458904:C:T	T/C
F11	chr1L:938458904:C:T	T/C
F16	chr1L:938458904:C:T	C/C
F17	chr1L:938458904:C:T	T/C
F14	chr1L:938458904:C:T	T/C
F15	chr1L:938458904:C:T	T/C
F1	chr1L:984014418:A:G	G/A
F2	chr1L:984014418:A:G	G/A
F3	chr1L:984014418:A:G	G/G
F4	chr1L:984014418:A:G	G/A
F5	chr1L:984014418:A:G	G/A
F6	chr1L:984014418:A:G	G/A
F7	chr1L:984014418:A:G	G/A
F8	chr1L:984014418:A:G	G/A
F9	chr1L:984014418:A:G	G/A
F23	chr1L:984014418:A:G	./.
F22	chr1L:984014418:A:G	G/A
F18	chr1L:984014418:A:G	A/A
F20	chr1L:984014418:A:G	G/A
F12	chr1L:984014418:A:G	G/G
F13	chr1L:984014418:A:G	G/A
F10	chr1L:984014418:A:G	G/A
F11	chr1L:984014418:A:G	G/A
F16	chr1L:984014418:A:G	G/A
F17	chr1L:984014418:A:G	G/A
F14	chr1L:984014418:A:G	G/A
F15	chr1L:984014418:A:G	G/A
F1	chr1L:1003589949:G:T	G/G
F2	chr1L:1003589949:G:T	T/T
F3	chr1L:1003589949:G:T	G/T
F4	chr1L:1003589949:G:T	T/T
F5	chr1L:1003589949:G:T	T/T
F6	chr1L:1003589949:G:T	G/T
F7	chr1L:1003589949:G:T	G/G
F8	chr1L:1003589949:G:T	T/T
F9	chr1L:1003589949:G:T	T/T
F23	chr1L:1003589949:G:T	T/T
F22	chr1L:1003589949:G:T	G/T
F18	chr1L:1003589949:G:T	G/G
F20	chr1L:1003589949:G:T	G/G
F12	chr1L:1003589949:G:T	G/G
F13	chr1L:1003589949:G:T	G/G
F10	chr1L:1003589949:G:T	./.
F11	chr1L:1003589949:G:T	G/T
F16	chr1L:1003589949:G:T	G/G
F17	chr1L:1003589949:G:T	T/T
F14	chr1L:1003589949:G:T	G/G
F15	chr1L:1003589949:G:T	G/T
F1	chr1L:1008779296:C:T	T/C
F2	chr1L:1008779296:C:T	T/C
F3	chr1L:1008779296:C:T	T/C
F4	chr1L:1008779296:C:T	T/C
F5	chr1L:1008779296:C:T	T/C
F6	chr1L:1008779296:C:T	T/C
F7	chr1L:1008779296:C:T	T/C
F8	chr1L:1008779296:C:T	T/C
F9	chr1L:1008779296:C:T	T/C
F23	chr1L:1008779296:C:T	T/C
F22	chr1L:1008779296:C:T	./.
F18	chr1L:1008779296:C:T	T/C
F20	chr1L:1008779296:C:T	T/T
F12	chr1L:1008779296:C:T	T/C
F13	chr1L:1008779296:C:T	T/C
F10	chr1L:1008779296:C:T	T/C
F11	chr1L:1008779296:C:T	T/C
F16	chr1L:1008779296:C:T	T/C
F17	chr1L:1008779296:C:T	T/C
F14	chr1L:1008779296:C:T	T/C
F15	chr1L:1008779296:C:T	T/C
F1	chr1L:1063778330:C:T	C/C
F2	chr1L:1063778330:C:T	C/C
F3	chr1L:1063778330:C:T	T/T
F4	chr1L:1063778330:C:T	C/C
F5	chr1L:1063778330:C:T	T/C
F6	chr1L:1063778330:C:T	T/C
F7	chr1L:1063778330:C:T	C/C
F8	chr1L:1063778330:C:T	T/C
F9	chr1L:1063778330:C:T	C/C
F23	chr1L:1063778330:C:T	./.
F22	chr1L:1063778330:C:T	T/T
F18	chr1L:1063778330:C:T	T/C
F20	chr1L:1063778330:C:T	T/T
F12	chr1L:1063778330:C:T	T/T
F13	chr1L:1063778330:C:T	T/T
F10	chr1L:1063778330:C:T	T/C
F11	chr1L:1063778330:C:T	T/C
F16	chr1L:1063778330:C:T	T/T
F17	chr1L:1063778330:C:T	C/C
F14	chr1L:1063778330:C:T	T/C
F15	chr1L:1063778330:C:T	T/C
F1	chr1L:1068260783:A:G	A/A
F2	chr1L:1068260783:A:G	G/G
F3	chr1L:1068260783:A:G	./.
F4	chr1L:1068260783:A:G	G/G
F5	chr1L:1068260783:A:G	A/A
F6	chr1L:1068260783:A:G	G/G
F7	chr1L:1068260783:A:G	A/A
F8	chr1L:1068260783:A:G	G/A
F9	chr1L:1068260783:A:G	G/G
F23	chr1L:1068260783:A:G	G/A
F22	chr1L:1068260783:A:G	G/G
F18	chr1L:1068260783:A:G	A/A
F20	chr1L:1068260783:A:G	G/G
F12	chr1L:1068260783:A:G	A/A
F13	chr1L:1068260783:A:G	A/A
F10	chr1L:1068260783:A:G	G/G
F11	chr1L:1068260783:A:G	G/A
F16	chr1L:1068260783:A:G	G/G
F17	chr1L:1068260783:A:G	A/A
F14	chr1L:1068260783:A:G	A/A
F15	chr1L:1068260783:A:G	G/A
F1	chr1L:1093851681:A:C	C/A
F2	chr1L:1093851681:A:C	C/A
F3	chr1L:1093851681:A:C	C/C
F4	chr1L:1093851681:A:C	C/C
F5	chr1L:1093851681:A:C	C/A
F6	chr1L:1093851681:A:C	C/A
F7	chr1L:1093851681:A:C	A/A
F8	chr1L:1093851681:A:C	C/A
F9	chr1L:1093851681:A:C	C/C
F23	chr1L:1093851681:A:C	./.
F22	chr1L:1093851681:A:C	C/A
F18	chr1L:1093851681:A:C	A/A
F20	chr1L:1093851681:A:C	C/C
F12	chr1L:1093851681:A:C	A/A
F13	chr1L:1093851681:A:C	C/A
F10	chr1L:1093851681:A:C	C/A
F11	chr1L:1093851681:A:C	C/A
F16	chr1L:1093851681:A:C	C/A
F17	chr1L:1093851681:A:C	A/A
F14	chr1L:1093851681:A:C	C/A
F15	chr1L:1093851681:A:C	C/A
F1	chr1L:1093876408:C:T	T/T
F2	chr1L:1093876408:C:T	C/C
F3	chr1L:1093876408:C:T	T/T
F4	chr1L:1093876408:C:T	./.
F5	chr1L:1093876408:C:T	C/C
F6	chr1L:1093876408:C:T	T/T
F7	chr1L:1093876408:C:T	T/T
F8	chr1L:1093876408:C:T	C/T
F9	chr1L:1093876408:C:T	C/C
F23	chr1L:1093876408:C:T	C/C
F22	chr1L:1093876408:C:T	C/T
F18	chr1L:1093876408:C:T	C/C
F20	chr1L:1093876408:C:T	C/C
F12	chr1L:1093876408:C:T	C/C
F13	chr1L:1093876408:C:T	C/C
F10	chr1L:1093876408:C:T	C/T
F11	chr1L:1093876408:C:T	C/T
F16	chr1L:1093876408:C:T	T/T
F17	chr1L:1093876408:C:T	T/T
F14	chr1L:1093876408:C:T	T/T
F15	chr1L:1093876408:C:T	T/T
F1	chr1L:1095410610:C:T	C/C
F2	chr1L:1095410610:C:T	C/T
F3	chr1L:1095410610:C:T	C/C
F4	chr1L:1095410610:C:T	T/T
F5	chr1L:1095410610:C:T	C/C
F6	chr1L:1095410610:C:T	C/T
F7	chr1L:1095410610:C:T	T/T
F8	chr1L:1095410610:C:T	C/T
F9	chr1L:1095410610:C:T	C/C
F23	chr1L:1095410610:C:T	./.
F22	chr1L:1095410610:C:T	T/T
F18	chr1L:1095410610:C:T	C/C
F20	chr1L:1095410610:C:T	T/T
F12	chr1L:1095410610:C:T	C/C
F13	chr1L:1095410610:C:T	C/C
F10	chr1L:1095410610:C:T	C/T
F11	chr1L:1095410610:C:T	C/T
F16	chr1L:1095410610:C:T	C/T
F17	chr1L:1095410610:C:T	T/T
F14	chr1L:1095410610:C:T	T/T
F15	chr1L:1095410610:C:T	C/T
F1	chr1L:1100399669:G:T	G/T
F2	chr1L:1100399669:G:T	G/T
F3	chr1L:1100399669:G:T	T/T
F4	chr1L:1100399669:G:T	G/G
F5	chr1L:1100399669:G:T	G/G
F6	chr1L:1100399669:G:T	G/T
F7	chr1L:1100399669:G:T	G/T
F8	chr1L:1100399669:G:T	G/T
F9	chr1L:1100399669:G:T	G/T
F23	chr1L:1100399669:G:T	./.
F22	chr1L:1100399669:G:T	G/T
F18	chr1L:1100399669:G:T	G/T
F20	chr1L:1100399669:G:T	G/T
F12	chr1L:1100399669:G:T	G/T
F13	chr1L:1100399669:G:T	G/T
F10	chr1L:1100399669:G:T	G/G
F11	chr1L:1100399669:G:T	G/T
F16	chr1L:1100399669:G:T	G/T
F17	chr1L:1100399669:G:T	G/T
F14	chr1L:1100399669:G:T	T/T
F15	chr1L:1100399669:G:T	G/T
F1	chr1L:1113158036:A:G	A/A
F2	chr1L:1113158036:A:G	G/G
F3	chr1L:1113158036:A:G	A/A
F4	chr1L:1113158036:A:G	G/G
F5	chr1L:1113158036:A:G	G/G
F6	chr1L:1113158036:A:G	A/G
F7	chr1L:1113158036:A:G	G/G
F8	chr1L:1113158036:A:G	A/A
F9	chr1L:1113158036:A:G	G/G
F23	chr1L:1113158036:A:G	G/G
F22	chr1L:1113158036:A:G	./.
F18	chr1L:1113158036:A:G	G/G
F20	chr1L:1113158036:A:G	A/A
F12	chr1L:1113158036:A:G	A/A
F13	chr1L:1113158036:A:G	A/A
F10	chr1L:1113158036:A:G	A/A
F11	chr1L:1113158036:A:G	A/G
F16	chr1L:1113158036:A:G	A/A
F17	chr1L:1113158036:A:G	G/G
F14	chr1L:1113158036:A:G	A/A
F15	chr1L:1113158036:A:G	A/G
F1	chr1L:1121767612:A:G	G/A
F2	chr1L:1121767612:A:G	G/A
F3	chr1L:1121767612:A:G	G/G
F4	chr1L:1121767612:A:G	G/A
F5	chr1L:1121767612:A:G	G/A
F6	chr1L:1121767612:A:G	G/A
F7	chr1L:1121767612:A:G	G/A
F8	chr1L:1121767612:A:G	G/A
F9	chr1L:1121767612:A:G	G/G
F23	chr1L:1121767612:A:G	G/A
F22	chr1L:1121767612:A:G	A/A
F18	chr1L:1121767612:A:G	G/G
F20	chr1L:1121767612:A:G	G/G
F12	chr1L:1121767612:A:G	./.
F13	chr1L:1121767612:A:G	A/A
F10	chr1L:1121767612:A:G	G/A
F11	chr1L:1121767612:A:G	A/A
F16	chr1L:1121767612:A:G	A/A
F17	chr1L:1121767612:A:G	G/G
F14	chr1L:1121767612:A:G	G/A
F15	chr1L:1121767612:A:G	G/A
F1	chr1L:1130961067:A:G	G/G
F2	chr1L:1130961067:A:G	G/G
F3	chr1L:1130961067:A:G	A/A
F4	chr1L:1130961067:A:G	G/G
F5	chr1L:1130961067:A:G	G/G
F6	chr1L:1130961067:A:G	G/A
F7	chr1L:1130961067:A:G	A/A
F8	chr1L:1130961067:A:G	G/A
F9	chr1L:1130961067:A:G	G/G
F23	chr1L:1130961067:A:G	./.
F22	chr1L:1130961067:A:G	G/G
F18	chr1L:1130961067:A:G	A/A
F20	chr1L:1130961067:A:G	A/A
F12	chr1L:1130961067:A:G	A/A
F13	chr1L:1130961067:A:G	A/A
F10	chr1L:1130961067:A:G	G/A
F11	chr1L:1130961067:A:G	G/A
F16	chr1L:1130961067:A:G	G/G
F17	chr1L:1130961067:A:G	A/A
F14	chr1L:1130961067:A:G	G/A
F15	chr1L:1130961067:A:G	G/G
F1	chr1L:1305387731:C:T	T/C
F2	chr1L:1305387731:C:T	T/C
F3	chr1L:1305387731:C:T	T/C
F4	chr1L:1305387731:C:T	T/C
F5	chr1L:1305387731:C:T	T/C
F6	chr1L:1305387731:C:T	T/C
F7	chr1L:1305387731:C:T	T/C
F8	chr1L:1305387731:C:T	T/C
F9	chr1L:1305387731:C:T	T/C
F23	chr1L:1305387731:C:T	./.
F22	chr1L:1305387731:C:T	T/T
F18	chr1L:1305387731:C:T	T/C
F20	chr1L:1305387731:C:T	T/C
F12	chr1L:1305387731:C:T	T/C
F13	chr1L:1305387731:C:T	T/C
F10	chr1L:1305387731:C:T	T/C
F11	chr1L:1305387731:C:T	T/C
F16	chr1L:1305387731:C:T	T/C
F17	chr1L:1305387731:C:T	T/C
F14	chr1L:1305387731:C:T	T/C
F15	chr1L:1305387731:C:T	T/C
F1	chr1L:1305473632:C:G	C/G
F2	chr1L:1305473632:C:G	C/G
F3	chr1L:1305473632:C:G	C/G
F4	chr1L:1305473632:C:G	C/G
F5	chr1L:1305473632:C:G	C/G
F6	chr1L:1305473632:C:G	C/G
F7	chr1L:1305473632:C:G	C/G
F8	chr1L:1305473632:C:G	C/G
F9	chr1L:1305473632:C:G	C/G
F23	chr1L:1305473632:C:G	C/C
F22	chr1L:1305473632:C:G	C/G
F18	chr1L:1305473632:C:G	C/G
F20	chr1L:1305473632:C:G	C/G
F12	chr1L:1305473632:C:G	C/G
F13	chr1L:1305473632:C:G	C/G
F10	chr1L:1305473632:C:G	C/G
F11	chr1L:1305473632:C:G	C/G
F16	chr1L:1305473632:C:G	C/G
F17	chr1L:1305473632:C:G	C/G
F14	chr1L:1305473632:C:G	C/G
F15	chr1L:1305473632:C:G	C/G
F1	chr1L:1354760066:A:G	G/G
F2	chr1L:1354760066:A:G	G/A
F3	chr1L:1354760066:A:G	G/A
F4	chr1L:1354760066:A:G	G/A
F5	chr1L:1354760066:A:G	A/A
F6	chr1L:1354760066:A:G	G/A
F7	chr1L:1354760066:A:G	G/A
F8	chr1L:1354760066:A:G	G/A
F9	chr1L:1354760066:A:G	G/A
F23	chr1L:1354760066:A:G	G/A
F22	chr1L:1354760066:A:G	G/A
F18	chr1L:1354760066:A:G	G/G
F20	chr1L:1354760066:A:G	A/A
F12	chr1L:1354760066:A:G	G/A
F13	chr1L:1354760066:A:G	G/A
F10	chr1L:1354760066:A:G	G/G
F11	chr1L:1354760066:A:G	A/A
F16	chr1L:1354760066:A:G	G/A
F17	chr1L:1354760066:A:G	G/A
F14	chr1L:1354760066:A:G	G/A
F15	chr1L:1354760066:A:G	G/G
F1	chr1L:1384049647:A:C	C/A
F2	chr1L:1384049647:A:C	C/A
F3	chr1L:1384049647:A:C	C/A
F4	chr1L:1384049647:A:C	./.
F5	chr1L:1384049647:A:C	C/A
F6	chr1L:1384049647:A:C	C/A
F7	chr1L:1384049647:A:C	A/A
F8	chr1L:1384049647:A:C	C/A
F9	chr1L:1384049647:A:C	C/A
F23	chr1L:1384049647:A:C	C/C
F22	chr1L:1384049647:A:C	C/A
F18	chr1L:1384049647:A:C	C/A
F20	chr1L:1384049647:A:C	C/A
F12	chr1L:1384049647:A:C	C/A
F13	chr1L:1384049647:A:C	C/A
F10	chr1L:1384049647:A:C	C/A
F11	chr1L:1384049647:A:C	C/A
F16	chr1L:1384049647:A:C	C/C
F17	chr1L:1384049647:A:C	C/A
F14	chr1L:1384049647:A:C	A/A
F15	chr1L:1384049647:A:C	C/A
F1	chr1L:1410694018:A:T	T/A
F2	chr1L:1410694018:A:T	A/A
F3	chr1L:1410694018:A:T	T/A
F4	chr1L:1410694018:A:T	A/A
F5	chr1L:1410694018:A:T	T/A
F6	chr1L:1410694018:A:T	T/T
F7	chr1L:1410694018:A:T	A/A
F8	chr1L:1410694018:A:T	T/A
F9	chr1L:1410694018:A:T	T/T
F23	chr1L:1410694018:A:T	T/T
F22	chr1L:1410694018:A:T	T/A
F18	chr1L:1410694018:A:T	T/T
F20	chr1L:1410694018:A:T	A/A
F12	chr1L:1410694018:A:T	T/A
F13	chr1L:1410694018:A:T	A/A
F10	chr1L:1410694018:A:T	T/A
F11	chr1L:1410694018:A:T	T/A
F16	chr1L:1410694018:A:T	T/A
F17	chr1L:1410694018:A:T	T/A
F14	chr1L:1410694018:A:T	T/T
F15	chr1L:1410694018:A:T	T/T
F1	chr1L:1848693651:A:T	A/T
F2	chr1L:1848693651:A:T	A/T
F3	chr1L:1848693651:A:T	A/T
F4	chr1L:1848693651:A:T	T/T
F5	chr1L:1848693651:A:T	A/A
F6	chr1L:1848693651:A:T	A/T
F7	chr1L:1848693651:A:T	A/T
F8	chr1L:1848693651:A:T	A/T
F9	chr1L:1848693651:A:T	A/T
F23	chr1L:1848693651:A:T	T/T
F22	chr1L:1848693651:A:T	A/A
F18	chr1L:1848693651:A:T	A/T
F20	chr1L:1848693651:A:T	A/T
F12	chr1L:1848693651:A:T	A/T
F13	chr1L:1848693651:A:T	A/T
F10	chr1L:1848693651:A:T	A/T
F11	chr1L:1848693651:A:T	A/T
F16	chr1L:1848693651:A:T	A/T
F17	chr1L:1848693651:A:T	A/T
F14	chr1L:1848693651:A:T	A/T
F15	chr1L:1848693651:A:T	A/T
F1	chr1S:21695768:C:T	T/C
F2	chr1S:21695768:C:T	T/C
F3	chr1S:21695768:C:T	T/C
F4	chr1S:21695768:C:T	T/C
F5	chr1S:21695768:C:T	T/C
F6	chr1S:21695768:C:T	T/C
F7	chr1S:21695768:C:T	T/C
F8	chr1S:21695768:C:T	T/C
F9	chr1S:21695768:C:T	T/T
F23	chr1S:21695768:C:T	C/C
F22	chr1S:21695768:C:T	./.
F18	chr1S:21695768:C:T	T/C
F20	chr1S:21695768:C:T	T/T
F12	chr1S:21695768:C:T	T/C
F13	chr1S:21695768:C:T	T/C
F10	chr1S:21695768:C:T	C/C
F11	chr1S:21695768:C:T	T/C
F16	chr1S:21695768:C:T	T/C
F17	chr1S:21695768:C:T	T/C
F14	chr1S:21695768:C:T	T/C
F15	chr1S:21695768:C:T	T/C
F1	chr1S:90738856:A:G	G/A
F2	chr1S:90738856:A:G	A/A
F3	chr1S:90738856:A:G	A/A
F4	chr1S:90738856:A:G	A/A
F5	chr1S:90738856:A:G	G/G
F6	chr1S:90738856:A:G	G/G
F7	chr1S:90738856:A:G	G/A
F8	chr1S:90738856:A:G	G/A
F9	chr1S:90738856:A:G	A/A
F23	chr1S:90738856:A:G	G/A
F22	chr1S:90738856:A:G	./.
F18	chr1S:90738856:A:G	G/A
F20	chr1S:90738856:A:G	G/G
F12	chr1S:90738856:A:G	G/A
F13	chr1S:90738856:A:G	G/A
F10	chr1S:90738856:A:G	A/A
F11	chr1S:90738856:A:G	G/A
F16	chr1S:90738856:A:G	G/A
F17	chr1S:90738856:A:G	G/G
F14	chr1S:90738856:A:G	G/G
F15	chr1S:90738856:A:G	G/A
F1	chr1S:374134089:G:T	T/G
F2	chr1S:374134089:G:T	T/T
F3	chr1S:374134089:G:T	T/G
F4	chr1S:374134089:G:T	T/T
F5	chr1S:374134089:G:T	T/T
F6	chr1S:374134089:G:T	G/G
F7	chr1S:374134089:G:T	G/G
F8	chr1S:374134089:G:T	T/G
F9	chr1S:374134089:G:T	G/G
F23	chr1S:374134089:G:T	T/G
F22	chr1S:374134089:G:T	T/G
F18	chr1S:374134089:G:T	T/G
F20	chr1S:374134089:G:T	T/T
F12	chr1S:374134089:G:T	T/G
F13	chr1S:374134089:G:T	T/G
F10	chr1S:374134089:G:T	T/G
F11	chr1S:374134089:G:T	T/G
F16	chr1S:374134089:G:T	T/G
F17	chr1S:374134089:G:T	T/G
F14	chr1S:374134089:G:T	T/G
F15	chr1S:374134089:G:T	T/G
F1	chr1S:428021948:A:G	G/G
F2	chr1S:428021948:A:G	A/A
F3	chr1S:428021948:A:G	G/G
F4	chr1S:428021948:A:G	A/A
F5	chr1S:428021948:A:G	A/A
F6	chr1S:428021948:A:G	A/A
F7	chr1S:428021948:A:G	G/A
F8	chr1S:428021948:A:G	G/A
F9	chr1S:428021948:A:G	G/G
F23	chr1S:428021948:A:G	./.
F22	chr1S:428021948:A:G	A/A
F18	chr1S:428021948:A:G	A/A
F20	chr1S:428021948:A:G	G/G
F12	chr1S:428021948:A:G	G/G
F13	chr1S:428021948:A:G	G/A
F10	chr1S:428021948:A:G	G/G
F11	chr1S:428021948:A:G	G/G
F16	chr1S:428021948:A:G	A/A
F17	chr1S:428021948:A:G	G/G
F14	chr1S:428021948:A:G	G/A
F15	chr1S:428021948:A:G	A/A
F1	chr1S:582890125:A:G	G/A
F2	chr1S:582890125:A:G	G/A
F3	chr1S:582890125:A:G	G/A
F4	chr1S:582890125:A:G	G/A
F5	chr1S:582890125:A:G	G/A
F6	chr1S:582890125:A:G	G/A
F7	chr1S:582890125:A:G	G/A
F8	chr1S:582890125:A:G	G/A
F9	chr1S:582890125:A:G	G/A
F23	chr1S:582890125:A:G	G/G
F22	chr1S:582890125:A:G	G/A
F18	chr1S:582890125:A:G	G/A
F20	chr1S:582890125:A:G	G/A
F12	chr1S:582890125:A:G	G/A
F13	chr1S:582890125:A:G	G/A
F10	chr1S:582890125:A:G	G/A
F11	chr1S:582890125:A:G	G/A
F16	chr1S:582890125:A:G	G/A
F17	chr1S:582890125:A:G	G/A
F14	chr1S:582890125:A:G	G/A
F15	chr1S:582890125:A:G	G/A
F1	chr1S:763067876:C:T	T/C
F2	chr1S:763067876:C:T	T/T
F3	chr1S:763067876:C:T	T/C
F4	chr1S:763067876:C:T	T/T
F5	chr1S:763067876:C:T	T/C
F6	chr1S:763067876:C:T	T/C
F7	chr1S:763067876:C:T	T/C
F8	chr1S:763067876:C:T	T/C
F9	chr1S:763067876:C:T	T/C
F23	chr1S:763067876:C:T	C/C
F22	chr1S:763067876:C:T	T/C
F18	chr1S:763067876:C:T	T/C
F20	chr1S:763067876:C:T	T/C
F12	chr1S:763067876:C:T	T/C
F13	chr1S:763067876:C:T	T/T
F10	chr1S:763067876:C:T	T/C
F11	chr1S:763067876:C:T	T/C
F16	chr1S:763067876:C:T	T/C
F17	chr1S:763067876:C:T	C/C
F14	chr1S:763067876:C:T	T/C
F15	chr1S:763067876:C:T	T/C
F1	chr1S:986010042:A:G	G/G
F2	chr1S:986010042:A:G	G/G
F3	chr1S:986010042:A:G	G/G
F4	chr1S:986010042:A:G	G/G
F5	chr1S:986010042:A:G	A/G
F6	chr1S:986010042:A:G	A/G
F7	chr1S:986010042:A:G	A/A
F8	chr1S:986010042:A:G	A/G
F9	chr1S:986010042:A:G	G/G
F23	chr1S:986010042:A:G	A/G
F22	chr1S:986010042:A:G	A/A
F18	chr1S:986010042:A:G	A/G
F20	chr1S:986010042:A:G	A/A
F12	chr1S:986010042:A:G	G/G
F13	chr1S:986010042:A:G	./.
F10	chr1S:986010042:A:G	A/A
F11	chr1S:986010042:A:G	A/G
F16	chr1S:986010042:A:G	A/A
F17	chr1S:986010042:A:G	A/A
F14	chr1S:986010042:A:G	A/G
F15	chr1S:986010042:A:G	A/G
F1	chr1S:1005171044:G:T	T/T
F2	chr1S:1005171044:G:T	T/T
F3	chr1S:1005171044:G:T	T/T
F4	chr1S:1005171044:G:T	T/T
F5	chr1S:1005171044:G:T	T/T
F6	chr1S:1005171044:G:T	G/G
F7	chr1S:1005171044:G:T	./.
F8	chr1S:1005171044:G:T	G/G
F9	chr1S:1005171044:G:T	G/T
F23	chr1S:1005171044:G:T	G/T
F22	chr1S:1005171044:G:T	T/T
F18	chr1S:1005171044:G:T	G/G
F20	chr1S:1005171044:G:T	G/G
F12	chr1S:1005171044:G:T	T/T
F13	chr1S:1005171044:G:T	G/G
F10	chr1S:1005171044:G:T	T/T
F11	chr1S:1005171044:G:T	G/G
F16	chr1S:1005171044:G:T	G/G
F17	chr1S:1005171044:G:T	G/G
F14	chr1S:1005171044:G:T	G/T
F15	chr1S:1005171044:G:T	G/T
F1	chr1S:1302756340:A:G	G/G
F2	chr1S:1302756340:A:G	G/G
F3	chr1S:1302756340:A:G	A/A
F4	chr1S:1302756340:A:G	G/G
F5	chr1S:1302756340:A:G	G/A
F6	chr1S:1302756340:A:G	G/A
F7	chr1S:1302756340:A:G	G/G
F8	chr1S:1302756340:A:G	A/A
F9	chr1S:1302756340:A:G	A/A
F23	chr1S:1302756340:A:G	G/G
F22	chr1S:1302756340:A:G	A/A
F18	chr1S:1302756340:A:G	A/A
F20	chr1S:1302756340:A:G	G/G
F12	chr1S:1302756340:A:G	A/A
F13	chr1S:1302756340:A:G	G/G
F10	chr1S:1302756340:A:G	A/A
F11	chr1S:1302756340:A:G	G/G
F16	chr1S:1302756340:A:G	G/G
F17	chr1S:1302756340:A:G	A/A
F14	chr1S:1302756340:A:G	G/A
F15	chr1S:1302756340:A:G	G/A
F1	chr1S:1341039316:A:G	G/A
F2	chr1S:1341039316:A:G	G/A
F3	chr1S:1341039316:A:G	G/G
F4	chr1S:1341039316:A:G	A/A
F5	chr1S:1341039316:A:G	G/A
F6	chr1S:1341039316:A:G	G/G
F7	chr1S:1341039316:A:G	G/G
F8	chr1S:1341039316:A:G	G/G
F9	chr1S:1341039316:A:G	G/A
F23	chr1S:1341039316:A:G	A/A
F22	chr1S:1341039316:A:G	G/A
F18	chr1S:1341039316:A:G	G/A
F20	chr1S:1341039316:A:G	G/A
F12	chr1S:1341039316:A:G	G/G
F13	chr1S:1341039316:A:G	G/A
F10	chr1S:1341039316:A:G	./.
F11	chr1S:1341039316:A:G	A/A
F16	chr1S:1341039316:A:G	A/A
F17	chr1S:1341039316:A:G	G/A
F14	chr1S:1341039316:A:G	G/A
F15	chr1S:1341039316:A:G	A/A
F1	chr1S:1409286190:C:T	T/T
F2	chr1S:1409286190:C:T	T/T
F3	chr1S:1409286190:C:T	C/T
F4	chr1S:1409286190:C:T	C/T
F5	chr1S:1409286190:C:T	C/T
F6	chr1S:1409286190:C:T	C/C
F7	chr1S:1409286190:C:T	T/T
F8	chr1S:1409286190:C:T	C/T
F9	chr1S:1409286190:C:T	T/T
F23	chr1S:1409286190:C:T	C/T
F22	chr1S:1409286190:C:T	T/T
F18	chr1S:1409286190:C:T	C/T
F20	chr1S:1409286190:C:T	C/T
F12	chr1S:1409286190:C:T	C/C
F13	chr1S:1409286190:C:T	C/C
F10	chr1S:1409286190:C:T	C/T
F11	chr1S:1409286190:C:T	C/T
F16	chr1S:1409286190:C:T	C/C
F17	chr1S:1409286190:C:T	C/T
F14	chr1S:1409286190:C:T	C/T
F15	chr1S:1409286190:C:T	C/C
F1	chr1S:1469594218:A:G	A/G
F2	chr1S:1469594218:A:G	A/G
F3	chr1S:1469594218:A:G	A/G
F4	chr1S:1469594218:A:G	A/G
F5	chr1S:1469594218:A:G	A/G
F6	chr1S:1469594218:A:G	A/G
F7	chr1S:1469594218:A:G	A/G
F8	chr1S:1469594218:A:G	A/G
F9	chr1S:1469594218:A:G	A/G
F23	chr1S:1469594218:A:G	A/G
F22	chr1S:1469594218:A:G	A/G
F18	chr1S:1469594218:A:G	A/G
F20	chr1S:1469594218:A:G	A/G
F12	chr1S:1469594218:A:G	A/G
F13	chr1S:1469594218:A:G	A/G
F10	chr1S:1469594218:A:G	A/G
F11	chr1S:1469594218:A:G	A/G
F16	chr1S:1469594218:A:G	A/G
F17	chr1S:1469594218:A:G	A/G
F14	chr1S:1469594218:A:G	A/A
F15	chr1S:1469594218:A:G	A/G
F1	chr1S:1473412435:G:T	T/G
F2	chr1S:1473412435:G:T	T/G
F3	chr1S:1473412435:G:T	T/G
F4	chr1S:1473412435:G:T	T/G
F5	chr1S:1473412435:G:T	T/G
F6	chr1S:1473412435:G:T	T/T
F7	chr1S:1473412435:G:T	T/G
F8	chr1S:1473412435:G:T	T/G
F9	chr1S:1473412435:G:T	T/G
F23	chr1S:1473412435:G:T	G/G
F22	chr1S:1473412435:G:T	T/G
F18	chr1S:1473412435:G:T	G/G
F20	chr1S:1473412435:G:T	T/T
F12	chr1S:1473412435:G:T	G/G
F13	chr1S:1473412435:G:T	T/G
F10	chr1S:1473412435:G:T	T/G
F11	chr1S:1473412435:G:T	T/G
F16	chr1S:1473412435:G:T	T/T
F17	chr1S:1473412435:G:T	T/G
F14	chr1S:1473412435:G:T	T/G
F15	chr1S:1473412435:G:T	T/G
F1	sca197:83164:A:G	A/G
F2	sca197:83164:A:G	G/G
F3	sca197:83164:A:G	G/G
F4	sca197:83164:A:G	G/G
F5	sca197:83164:A:G	A/G
F6	sca197:83164:A:G	A/A
F7	sca197:83164:A:G	A/A
F8	sca197:83164:A:G	G/G
F9	sca197:83164:A:G	A/G
F23	sca197:83164:A:G	G/G
F22	sca197:83164:A:G	./.
F18	sca197:83164:A:G	A/A
F20	sca197:83164:A:G	A/A
F12	sca197:83164:A:G	A/A
F13	sca197:83164:A:G	A/G
F10	sca197:83164:A:G	A/A
F11	sca197:83164:A:G	A/A
F16	sca197:83164:A:G	G/G
F17	sca197:83164:A:G	A/A
F14	sca197:83164:A:G	A/G
F15	sca197:83164:A:G	G/G
F1	sca400:297455:A:G	A/G
F2	sca400:297455:A:G	A/G
F3	sca400:297455:A:G	A/G
F4	sca400:297455:A:G	A/G
F5	sca400:297455:A:G	A/G
F6	sca400:297455:A:G	A/G
F7	sca400:297455:A:G	A/G
F8	sca400:297455:A:G	A/G
F9	sca400:297455:A:G	A/G
F23	sca400:297455:A:G	A/G
F22	sca400:297455:A:G	A/A
F18	sca400:297455:A:G	A/G
F20	sca400:297455:A:G	A/G
F12	sca400:297455:A:G	A/G
F13	sca400:297455:A:G	A/G
F10	sca400:297455:A:G	A/G
F11	sca400:297455:A:G	A/G
F16	sca400:297455:A:G	A/G
F17	sca400:297455:A:G	A/G
F14	sca400:297455:A:G	A/G
F15	sca400:297455:A:G	A/G
